/*
Créé par Hyakkimaru
Pour NeWoW Emu
http:\\www.newow-emu.com
© 2011 NeWoW Emu
/*

/*
#######################################
#                            GESTION DES ACCENTS
#######################################
*/

SET NAMES latin1;

/*
#######################################
#                            CREATURE_TEMPLATE
#######################################
*/

REPLACE INTO `creature_template` 
(`entry`, `difficulty_entry_1`, `difficulty_entry_2`, `difficulty_entry_3`, `KillCredit1`, `KillCredit2`, `modelid1`, `modelid2`, `modelid3`, `modelid4`, `name`, `subname`, `IconName`, `gossip_menu_id`, `minlevel`, `maxlevel`, `exp`, `faction_A`, `faction_H`, `npcflag`, `speed_walk`, `speed_run`, `scale`, `rank`, `mindmg`, `maxdmg`, `dmgschool`, `attackpower`, `dmg_multiplier`, `baseattacktime`, `rangeattacktime`, `unit_class`, `unit_flags`, `dynamicflags`, `family`, `trainer_type`, `trainer_spell`, `trainer_class`, `trainer_race`, `minrangedmg`, `maxrangedmg`, `rangedattackpower`, `type`, `type_flags`, `lootid`, `pickpocketloot`, `skinloot`, `resistance1`, `resistance2`, `resistance3`, `resistance4`, `resistance5`, `resistance6`, `spell1`, `spell2`, `spell3`, `spell4`, `spell5`, `spell6`, `spell7`, `spell8`, `PetSpellDataId`, `VehicleId`, `mingold`, `maxgold`, `AIName`, `MovementType`, `InhabitType`, `Health_mod`, `Mana_mod`, `Armor_mod`, `RacialLeader`, `questItem1`, `questItem2`, `questItem3`, `questItem4`, `questItem5`, `questItem6`, `movementId`, `RegenHealth`, `equipment_id`, `mechanic_immune_mask`, `flags_extra`, `ScriptName`, `WDBVerified`)
VALUES

(70000, 0, 0, 0, 0, 0, 12609, 0, 0, 0, 'Nuck Chorris', 'Héros de pacotille', '', 0, 35, 35, 0, 35, 14, 0, 1, 1.14286, 1, 0, 80, 150, 0, 0, 1, 1500, 0, 1, 0, 0, 0, 0, 0, 0, 0, 0, 0, 0, 7, 0, 0, 0, 0, 0, 0, 0, 0, 0, 0, 0, 0, 0, 0, 0, 0, 0, 0, 0, 0, 0, 0, '', 0, 3, 1.5, 1, 1, 0, 0, 0, 0, 0, 0, 0, 0, 1, 0, 0, 0, '', 1),
(70001, 0, 0, 0, 0, 0, 1699, '', 0, 0, 'Taris le rapace', 'Capitaine du Télépisme', '', 0, 42, 42, 0, 35, 14, 0, 1, 1.14286, 1, 0, 240, 300, 0, 0, 1, 1700, 0, 1, 0, 0, 0, 0, 0, 0, 0, 0, 0, 0, 7, 0, 0, 0, 0, 0, 0, 0, 0, 0, 0, 0, 0, 0, 0, 0, 0, 0, 0, 0, 0, 0, 0, '', 0, 3, 2, 1, 2, 0, 0, 0, 0, 0, 0, 0, 0, 1, 70001, 0, 0, '', 1),
(70002, 0, 0, 0, 0, 0, 1505, 0, 0, 0, 'Riful le forban', 'Maître cannonier du Télépisme', '', 0, 40, 40, 0, 35, 14, 0, 1, 1.14286, 1, 0, 220, 280, 0, 0, 1, 1600, 0, 1, 0, 0, 0, 0, 0, 0, 0, 0, 0, 0, 7, 0, 0, 0, 0, 0, 0, 0, 0, 0, 0, 0, 0, 0, 0, 0, 0, 0, 0, 0, 0, 0, 0, '', 0, 3, 1.1, 1, 1, 0, 0, 0, 0, 0, 0, 0, 0, 1, 70001, 0, 0, '', 1),
(70003, 0, 0, 0, 0, 0, 793, 9911, 7212, 0, 'Matelot du Télépisme', '', '', 0, 35, 38, 0, 35, 14, 0, 1, 1.14286, 1, 0, 180, 224, 0, 0, 1, 1400, 0, 1, 0, 0, 0, 0, 0, 0, 0, 0, 0, 0, 7, 0, 0, 0, 0, 0, 0, 0, 0, 0, 0, 0, 0, 0, 0, 0, 0, 0, 0, 0, 0, 0, 0, '', 0, 3, 0.5, 1, 1, 0, 0, 0, 0, 0, 0, 0, 0, 1, 70003, 0, 0, '', 1),
(70004, 0, 0, 0, 0, 0, 3275, '', '', 0, 'Nikolaï Serchis', 'Ménestrel ambulant', '', 0, 35, 38, 0, 35, 14, 0, 1, 1.14286, 1, 0, 74, 90, 0, 0, 1, 1350, 0, 1, 0, 0, 0, 0, 0, 0, 0, 0, 0, 0, 7, 0, 0, 0, 0, 0, 0, 0, 0, 0, 0, 0, 0, 0, 0, 0, 0, 0, 0, 0, 0, 0, 0, '', 0, 3, 0.5, 1, 1, 0, 0, 0, 0, 0, 0, 0, 0, 1, '', 0, 0, '', 1),
(70005, 0, 0, 0, 0, 0, 3275, '', '', 0, 'Stefan Serchis', 'Ménestrel ambulant', '', 0, 35, 38, 0, 35, 14, 0, 1, 1.14286, 1, 0, 74, 90, 0, 0, 1, 1350, 0, 1, 0, 0, 0, 0, 0, 0, 0, 0, 0, 0, 7, 0, 0, 0, 0, 0, 0, 0, 0, 0, 0, 0, 0, 0, 0, 0, 0, 0, 0, 0, 0, 0, 0, '', 0, 3, 0.5, 1, 1, 0, 0, 0, 0, 0, 0, 0, 0, 1, '', 0, 0, '', 1),
(70006, 0, 0, 0, 0, 0, 3274, 0, 0, 0, 'Larry Lassure', '', '', 0, 1, 1, 0, 35, 14, 0, 1, 1.14286, 1, 0, 87, 100, 0, 0, 1, 1200, 0, 0, 0, 0, 0, 0, 0, 0, 0, 0, 0, 0, 0, 0, 0, 0, 0, 0, 0, 0, 0, 0, 0, 0, 0, 0, 0, 0, 0, 0, 0, 0, 0, 0, 0, '', 0, 3, 1, 1, 1, 0, 0, 0, 0, 0, 0, 0, 0, 1, 0, 0, 0, '', 1),
(70007, 0, 0, 0, 0, 0, 3253, 0, 0, 0, 'Frère Demosthène', 'Prêcheur de la Lumière', '', 0, 60, 60, 0, 35, 14, 0, 1, 1.14286, 1, 0, 300, 700, 0, 0, 1, 2100, 0, 2, 0, 0, 0, 0, 0, 0, 0, 0, 0, 0, 7, 0, 0, 0, 0, 0, 0, 0, 0, 0, 0, 0, 0, 0, 0, 0, 0, 0, 0, 0, 0, 0, 0, '', 0, 3, 1.4, 3, 1, 0, 0, 0, 0, 0, 0, 0, 0, 1, 70002, 0, 0, '', 1),
(70008, 0, 0, 0, 0, 0, 12957, 0, 0, 0, 'Scias Portépée', '', '', 0, 25, 25, 0, 35, 14, 0, 1, '1.14286', 1, 0, 120, 340, 0, 0, 1, 1700, 0, 1, 0, 0, 0, 0, 0, 0, 0, 0, 0, 0, 7, 0, 0, 0, 0, 0, 0, 0, 0, 0, 0, 0, 0, 0, 0, 0, 0, 0, 0, 0, 0, 0, 0, '', 0, 3, '1.2', 0, 1, 0, 0, 0, 0, 0, 0, 0, 0, 1, '', 0, 0, '', 1),
(70009, 0, 0, 0, 0, 0, 14586, 0, 0, 0, 'Ikkal Irjvik', '', '', 0, 27, 27, 0, 35, 14, 0, 1, '1.14286', 1, 0, 150, 340, 0, 0, 1, 1700, 0, 1, 0, 0, 0, 0, 0, 0, 0, 0, 0, 0, 7, 0, 0, 0, 0, 0, 0, 0, 0, 0, 0, 0, 0, 0, 0, 0, 0, 0, 0, 0, 0, 0, 0, '', 0, 3, '1.1', 0, 1, 0, 0, 0, 0, 0, 0, 0, 0, 1, '', 0, 0, '', 1),
(70010, 0, 0, 0, 0, 0, 14947, 0, 0, 0, 'Camille Forgenclume', '', '', 0, 22, 22, 0, 35, 14, 0, 1, '1.14286', 1, 0, 90, 200, 0, 0, 1, 1450, 0, 1, 0, 0, 0, 0, 0, 0, 0, 0, 0, 0, 7, 0, 0, 0, 0, 0, 0, 0, 0, 0, 0, 0, 0, 0, 0, 0, 0, 0, 0, 0, 0, 0, 0, '', 0, 3, 1, 0, 1, 0, 0, 0, 0, 0, 0, 0, 0, 1, '', 0, 0, '', 1),
(70011, 0, 0, 0, 0, 0, 14946, 0, 0, 0, 'Mervillia Forgenclume', '', '', 0, 23, 23, 0, 35, 14, 0, 1, '1.14286', 1, 0, 110, 220, 0, 0, 1, 1450, 0, 1, 0, 0, 0, 0, 0, 0, 0, 0, 0, 0, 7, 0, 0, 0, 0, 0, 0, 0, 0, 0, 0, 0, 0, 0, 0, 0, 0, 0, 0, 0, 0, 0, 0, '', 0, 3, 1, 0, 1, 0, 0, 0, 0, 0, 0, 0, 0, 1, '', 0, 0, '', 1),
(70012, 0, 0, 0, 0, 0, 13647, 0, 0, 0, 'Garde de la ville', '', '', 0, 44, 50, 0, 35, 14, 0, 1, '1.14286', 1, 0, 800, 1200, 0, 0, 1, 1600, 0, 1, 0, 0, 0, 0, 0, 0, 0, 0, 0, 0, 7, 0, 0, 0, 0, 0, 0, 0, 0, 0, 0, 0, 0, 0, 0, 0, 0, 0, 0, 0, 0, 0, 0, '', 0, 3, '1.5', 0, 1, 0, 0, 0, 0, 0, 0, 0, 0, 1, 70004, 0, 0, '', 1);
(70013, 0, 0, 0, 0, 0, 13648, 0, 0, 0, 'Garde de la ville', '', '', 0, 44, 50, 0, 35, 14, 0, 1, '1.14286', 1, 0, 750, 1000, 0, 0, 1, 1430, 0, 1, 0, 0, 0, 0, 0, 0, 0, 0, 0, 0, 7, 0, 0, 0, 0, 0, 0, 0, 0, 0, 0, 0, 0, 0, 0, 0, 0, 0, 0, 0, 0, 0, 0, '', 0, 3, '1.5', 0, 1, 0, 0, 0, 0, 0, 0, 0, 0, 1, 70004, 0, 0, '', 1),
(70014, 0, 0, 0, 0, 0, 13652, 0, 0, 0, 'Commandant Tallius', '', '', 0, 67, 67, 0, 35, 14, 0, 1, '1.14286', 1, 1, 1500, 1800, 0, 0, 1, 1600, 0, 1, 0, 0, 0, 0, 0, 0, 0, 0, 0, 0, 7, 0, 0, 0, 0, 0, 0, 0, 0, 0, 0, 0, 0, 0, 0, 0, 0, 0, 0, 0, 0, 0, 0, '', 0, 3, 2, 0, 1, 0, 0, 0, 0, 0, 0, 0, 0, 1, 70004, 0, 0, '', 1),
(70015, 0, 0, 0, 0, 0, 13653, 0, 0, 0, 'Capitaine Tania', '', '', 0, 62, 62, 0, 35, 14, 0, 1, '1.14286', 1, 1, 1450, 1700, 0, 0, 1, 1300, 0, 1, 0, 0, 0, 0, 0, 0, 0, 0, 0, 0, 7, 0, 0, 0, 0, 0, 0, 0, 0, 0, 0, 0, 0, 0, 0, 0, 0, 0, 0, 0, 0, 0, 0, '', 0, 3, '1.7', 0, 1, 0, 0, 0, 0, 0, 0, 0, 0, 1, 70004, 0, 0, '', 1),
(70016, 0, 0, 0, 0, 0, 15812, 0, 0, 0, 'Emissaire de l\'Alliance', '', '', 0, 54, 54, 0, 35, 14, 0, 1, '1.14286', 1, 1, 900, 1400, 0, 0, 1, 1300, 0, 1, 0, 0, 0, 0, 0, 0, 0, 0, 0, 0, 7, 0, 0, 0, 0, 0, 0, 0, 0, 0, 0, 0, 0, 0, 0, 0, 0, 0, 0, 0, 0, 0, 0, '', 0, 3, '1.2', 0, 1, 0, 0, 0, 0, 0, 0, 0, 0, 1, '', 0, 0, '', 1),
(70017, 0, 0, 0, 0, 0, 15813, 0, 0, 0, 'Magister Teluris', '', '', 0, 54, 54, 0, 35, 14, 0, 1, '1.14286', 1, 0, 900, 1400, 0, 0, 1, 1300, 0, 2, 0, 0, 0, 0, 0, 0, 0, 0, 0, 0, 7, 0, 0, 0, 0, 0, 0, 0, 0, 0, 0, 0, 0, 0, 0, 0, 0, 0, 0, 0, 0, 0, 0, '', 0, 3, '1.2', 2, 1, 0, 0, 0, 0, 0, 0, 0, 0, 1, 70005, 0, 0, '', 1),
(70018, 0, 0, 0, 0, 0, 21227, 0, 0, 0, 'Yauronn "le géant"', '', '', 0, 68, 68, 0, 35, 14, 0, 1, '1.14286', 1, 0, 400, 900, 0, 0, 1, 1500, 0, 1, 0, 0, 0, 0, 0, 0, 0, 0, 0, 0, 7, 0, 0, 0, 0, 0, 0, 0, 0, 0, 0, 0, 0, 0, 0, 0, 0, 0, 0, 0, 0, 0, 0, '', 0, 3, '1.3', 2, 1, 0, 0, 0, 0, 0, 0, 0, 0, 1, '', 0, 0, '', 1),
(70019, 0, 0, 0, 0, 0, 21715, 0, 0, 0, 'Felis Cornedor', 'Paysan', '', 0, 41, 41, 0, 35, 14, 0, 1, '1.14286', '0.85', 0, 250, 800, 0, 0, 1, 1500, 0, 1, 0, 0, 0, 0, 0, 0, 0, 0, 0, 0, 7, 0, 0, 0, 0, 0, 0, 0, 0, 0, 0, 0, 0, 0, 0, 0, 0, 0, 0, 0, 0, 0, 0, '', 0, 3, 1, 2, 1, 0, 0, 0, 0, 0, 0, 0, 0, 1, 70006, 0, 0, '', 1),
(70020, 0, 0, 0, 0, 0, 22041, 0, 0, 0, 'Dungar Volevent', 'Passioné d\'oiseaux', '', 0, 28, 28, 0, 35, 14, 0, 1, '1.14286', 1, 0, 250, 420, 0, 0, 1, 1700, 0, 1, 0, 0, 0, 0, 0, 0, 0, 0, 0, 0, 7, 0, 0, 0, 0, 0, 0, 0, 0, 0, 0, 0, 0, 0, 0, 0, 0, 0, 0, 0, 0, 0, 0, '', 0, 3, 1, 2, 1, 0, 0, 0, 0, 0, 0, 0, 0, 1, '', 0, 0, '', 1),
(70021, 0, 0, 0, 0, 0, 23010, 0, 0, 0, 'Drévis "le Gaillard"', '', '', 0, 29, 29, 0, 35, 14, 0, 1, '1.14286', 1, 0, 400, 700, 0, 0, 1, 1700, 0, 1, 0, 0, 0, 0, 0, 0, 0, 0, 0, 0, 7, 0, 0, 0, 0, 0, 0, 0, 0, 0, 0, 0, 0, 0, 0, 0, 0, 0, 0, 0, 0, 0, 0, '', 0, 3, 1, 2, 1, 0, 0, 0, 0, 0, 0, 0, 0, 1, 70006, 0, 0, '', 1),
(70022, 0, 0, 0, 0, 0, 23491, 0, 0, 0, 'Felgard Chantepoison', 'Agent du SI:7', '', 0, 71, 71, 0, 35, 14, 0, 1, '1.14286', 1, 0, 1400, 2000, 0, 0, 1, 1500, 0, 1, 0, 0, 0, 0, 0, 0, 0, 0, 0, 0, 7, 0, 0, 0, 0, 0, 0, 0, 0, 0, 0, 0, 0, 0, 0, 0, 0, 0, 0, 0, 0, 0, 0, '', 0, 3, 2, 2, 1, 0, 0, 0, 0, 0, 0, 0, 0, 1, 70005, 0, 0, '', 1),
(70023, 0, 0, 0, 0, 0, 24018, 0, 0, 0, 'Milly', '', '', 0, 15, 15, 0, 35, 14, 0, 1, '1.14286', 1, 0, 150, 200, 0, 0, 1, 1600, 0, 1, 0, 0, 0, 0, 0, 0, 0, 0, 0, 0, 7, 0, 0, 0, 0, 0, 0, 0, 0, 0, 0, 0, 0, 0, 0, 0, 0, 0, 0, 0, 0, 0, 0, '', 0, 3, 1, 2, 1, 0, 0, 0, 0, 0, 0, 0, 0, 1, 0, 0, 0, '', 1),
(70024, 0, 0, 0, 0, 0, 27110, 0, 0, 0, 'François Pianault', 'Amateur de vin', '', 0, 18, 18, 0, 35, 14, 0, 1, '1.14286', 1, 0, 150, 200, 0, 0, 1, 1600, 0, 1, 0, 0, 0, 0, 0, 0, 0, 0, 0, 0, 7, 0, 0, 0, 0, 0, 0, 0, 0, 0, 0, 0, 0, 0, 0, 0, 0, 0, 0, 0, 0, 0, 0, '', 0, 3, 1, 2, 1, 0, 0, 0, 0, 0, 0, 0, 0, 1, 70007, 0, 0, '', 1),
(70025, 0, 0, 0, 0, 0, 27430, 0, 0, 0, 'Manfred', 'Paysan', '', 0, 18, 18, 0, 35, 14, 0, 1, '1.14286', 1, 0, 400, 600, 0, 0, 1, 1600, 0, 1, 0, 0, 0, 0, 0, 0, 0, 0, 0, 0, 7, 0, 0, 0, 0, 0, 0, 0, 0, 0, 0, 0, 0, 0, 0, 0, 0, 0, 0, 0, 0, 0, 0, '', 0, 3, 1, 2, 1, 0, 0, 0, 0, 0, 0, 0, 0, 1, 70006, 0, 0, '', 1),
(70026, 0, 0, 0, 0, 0, 27428, 0, 0, 0, 'Cyalis "le requin"', 'Vendeur de poisson', '', 0, 32, 32, 0, 35, 14, 0, 1, '1.14286', 1, 0, 400, 600, 0, 0, 1, 1600, 0, 1, 0, 0, 0, 0, 0, 0, 0, 0, 0, 0, 7, 0, 0, 0, 0, 0, 0, 0, 0, 0, 0, 0, 0, 0, 0, 0, 0, 0, 0, 0, 0, 0, 0, '', 0, 3, 1, 2, 1, 0, 0, 0, 0, 0, 0, 0, 0, 1, 70008, 0, 0, '', 1),
(70027, 0, 0, 0, 0, 0, 28091, 0, 0, 0, 'Nog Gitt', 'Pêcheur', '', 0, 35, 35, 0, 35, 14, 0, 1, '1.14286', 1, 0, 400, 600, 0, 0, 1, 1600, 0, 1, 0, 0, 0, 0, 0, 0, 0, 0, 0, 0, 7, 0, 0, 0, 0, 0, 0, 0, 0, 0, 0, 0, 0, 0, 0, 0, 0, 0, 0, 0, 0, 0, 0, '', 0, 3, 1, 2, 1, 0, 0, 0, 0, 0, 0, 0, 0, 1, 70008, 0, 0, '', 1),
(70028, 0, 0, 0, 0, 0, 28899, 0, 0, 0, 'Sentinelle de la ville', '', '', 0, 61, 66, 0, 35, 14, 0, 1, '1.14286', 1, 0, 800, 1250, 0, 0, 1, 1300, 0, 1, 0, 0, 0, 0, 0, 0, 0, 0, 0, 0, 7, 0, 0, 0, 0, 0, 0, 0, 0, 0, 0, 0, 0, 0, 0, 0, 0, 0, 0, 0, 0, 0, 0, '', 0, 3, '1.4', 2, 1, 0, 0, 0, 0, 0, 0, 0, 0, 1, 70009, 0, 0, '', 1),
(70029, 0, 0, 0, 0, 0, 25599, 0, 0, 0, 'Kristina d\'Alnor', '', '', 0, 21, 21, 0, 35, 14, 0, 1, '1.14286', 1, 0, 150, 210, 0, 0, 1, 1300, 0, 1, 0, 0, 0, 0, 0, 0, 0, 0, 0, 0, 7, 0, 0, 0, 0, 0, 0, 0, 0, 0, 0, 0, 0, 0, 0, 0, 0, 0, 0, 0, 0, 0, 0, '', 0, 3, 1, 2, 1, 0, 0, 0, 0, 0, 0, 0, 0, 1, '', 0, 0, '', 1),
(70030, 0, 0, 0, 0, 0, 24300, 0, 0, 0, 'Sophia d\'Alnor', '', '', 0, 23, 23, 0, 35, 14, 0, 1, '1.14286', 1, 0, 170, 230, 0, 0, 1, 1300, 0, 1, 0, 0, 0, 0, 0, 0, 0, 0, 0, 0, 7, 0, 0, 0, 0, 0, 0, 0, 0, 0, 0, 0, 0, 0, 0, 0, 0, 0, 0, 0, 0, 0, 0, '', 0, 3, 1, 2, 1, 0, 0, 0, 0, 0, 0, 0, 0, 1, '', 0, 0, '', 1),
(70031, 0, 0, 0, 0, 0, 24299, 0, 0, 0, 'Katia Sifflelame', 'Agent du SI:7', '', 0, 70, 70, 0, 35, 14, 0, 1, '1.14286', 1, 1, 1300, 1700, 0, 0, 1, 1150, 0, 1, 0, 0, 0, 0, 0, 0, 0, 0, 0, 0, 7, 0, 0, 0, 0, 0, 0, 0, 0, 0, 0, 0, 0, 0, 0, 0, 0, 0, 0, 0, 0, 0, 0, '', 0, 3, 1, 2, 1, 0, 0, 0, 0, 0, 0, 0, 0, 1, 70005, 0, 0, '', 1),
(70032, 0, 0, 0, 0, 0, 24136, 0, 0, 0, 'Ulrich Talbot', 'Bucheron', '', 0, 35, 35, 0, 35, 14, 0, 1, '1.14286', 1, 0, 400, 700, 0, 0, 1, 1750, 0, 1, 0, 0, 0, 0, 0, 0, 0, 0, 0, 0, 7, 0, 0, 0, 0, 0, 0, 0, 0, 0, 0, 0, 0, 0, 0, 0, 0, 0, 0, 0, 0, 0, 0, '', 0, 3, 1, 2, 1, 0, 0, 0, 0, 0, 0, 0, 0, 1, 70010, 0, 0, '', 1),
(70033, 0, 0, 0, 0, 0, 23811, 0, 0, 0, 'Emily Tranchechardon', '', '', 0, 35, 35, 0, 35, 14, 0, 1, '1.14286', 1, 0, 140, 300, 0, 0, 1, 1150, 0, 1, 0, 0, 0, 0, 0, 0, 0, 0, 0, 0, 7, 0, 0, 0, 0, 0, 0, 0, 0, 0, 0, 0, 0, 0, 0, 0, 0, 0, 0, 0, 0, 0, 0, '', 0, 3, 1, 2, 1, 0, 0, 0, 0, 0, 0, 0, 0, 1, '', 0, 0, '', 1),
(70034, 0, 0, 0, 0, 0, 23810, 0, 0, 0, 'Frère Albou', '', '', 0, 43, 43, 0, 35, 14, 0, 1, '1.14286', 1, 0, 500, 630, 0, 0, 1, 1650, 0, 2, 0, 0, 0, 0, 0, 0, 0, 0, 0, 0, 7, 0, 0, 0, 0, 0, 0, 0, 0, 0, 0, 0, 0, 0, 0, 0, 0, 0, 0, 0, 0, 0, 0, '', 0, 3, '1.6', 3, 1, 0, 0, 0, 0, 0, 0, 0, 0, 1, 70002, 0, 0, '', 1),
(70035, 0, 0, 0, 0, 0, 21645, 0, 0, 0, 'Lydia Cornedor', '', '', 0, 24, 24, 0, 35, 14, 0, 1, '1.14286', 1, 0, 80, 150, 0, 0, 1, 1150, 0, 1, 0, 0, 0, 0, 0, 0, 0, 0, 0, 0, 7, 0, 0, 0, 0, 0, 0, 0, 0, 0, 0, 0, 0, 0, 0, 0, 0, 0, 0, 0, 0, 0, 0, '', 0, 3, 1, 3, 1, 0, 0, 0, 0, 0, 0, 0, 0, 1, '', 0, 0, '', 1),
(70036, 0, 0, 0, 0, 0, 21643, 0, 0, 0, 'Edward "le silencieux"', '', '', 0, 37, 37, 0, 35, 14, 0, 1, '1.14286', 1, 0, 300, 450, 0, 0, 1, 1300, 0, 1, 0, 0, 0, 0, 0, 0, 0, 0, 0, 0, 7, 0, 0, 0, 0, 0, 0, 0, 0, 0, 0, 0, 0, 0, 0, 0, 0, 0, 0, 0, 0, 0, 0, '', 0, 3, 2, 3, 1, 0, 0, 0, 0, 0, 0, 0, 0, 1, '', 0, 0, '', 1),
(70037, 0, 0, 0, 0, 0, 20666, 0, 0, 0, 'Irvin "le tranche lame"', 'Maître d\'arme', '', 0, 60, 60, 0, 35, 14, 17, 1, 1.14286, 1, 0, 900, 1400, 0, 0, 1, 1550, 0, 1, 0, 8, 0, 2, 0, 0, 0, 0, 0, 0, 7, 0, 0, 0, 0, 0, 0, 0, 0, 0, 0, 0, 0, 0, 0, 0, 0, 0, 0, 0, 0, 0, 0, '', 0, 3, 1.5, 1, 1, 0, 0, 0, 0, 0, 0, 0, 0, 1, 70011, 0, 2, '', 1),
(70038, 0, 0, 0, 0, 0, 13894, 0, 0, 0, 'Félicia', 'Magicienne', '', 0, 54, 54, 0, 35, 14, 0, 1, 1.14286, 1, 0, 400, 900, 0, 0, 1, 1550, 0, 1, 0, 0, 0, 0, 0, 0, 0, 0, 0, 0, 7, 0, 0, 0, 0, 0, 0, 0, 0, 0, 0, 0, 0, 0, 0, 0, 0, 0, 0, 0, 0, 0, 0, '', 0, 3, 1.2, 1, 1, 0, 0, 0, 0, 0, 0, 0, 0, 1, '', 0, 0, '', 1),
(70039, 0, 0, 0, 0, 0, 9070, 0, 0, 0, 'Séléna Feigerson', '', '', 0, 15, 15, 0, 35, 14, 0, 1, 1.14286, 1, 0, 80, 140, 0, 0, 1, 1550, 0, 1, 0, 0, 0, 0, 0, 0, 0, 0, 0, 0, 7, 0, 0, 0, 0, 0, 0, 0, 0, 0, 0, 0, 0, 0, 0, 0, 0, 0, 0, 0, 0, 0, 0, '', 0, 3, 1, 1, 1, 0, 0, 0, 0, 0, 0, 0, 0, 1, '', 0, 0, '', 1),
(70040, 0, 0, 0, 0, 0, 4412, 0, 0, 0, 'Kristy Sombrepoing', 'Sorcière voyageuse', '', 0, 33, 33, 0, 35, 14, 0, 1, 1.14286, 1, 0, 90, 160, 0, 0, 1, 1350, 0, 2, 0, 0, 0, 0, 0, 0, 0, 0, 0, 0, 7, 0, 0, 0, 0, 0, 0, 0, 0, 0, 0, 0, 0, 0, 0, 0, 0, 0, 0, 0, 0, 0, 0, '', 0, 3, 1.2, 1.4, 1, 0, 0, 0, 0, 0, 0, 0, 0, 1, '', 0, 0, '', 1),
(70041, 0, 0, 0, 0, 0, 3920, 0, 0, 0, 'Kanae Faucheblé', 'Paysan', '', 0, 52, 52, 0, 35, 14, 0, 1, 1.14286, 1, 0, 400, 520, 0, 0, 1, 1650, 0, 1, 0, 0, 0, 0, 0, 0, 0, 0, 0, 0, 7, 0, 0, 0, 0, 0, 0, 0, 0, 0, 0, 0, 0, 0, 0, 0, 0, 0, 0, 0, 0, 0, 0, '', 0, 3, 1, 1.4, 1, 0, 0, 0, 0, 0, 0, 0, 0, 1, 70006, 0, 0, '', 1),
(70042, 0, 0, 0, 0, 0, 3261, 0, 0, 0, 'Kanae Faucheblé', 'Mendiant', '', 0, 9, 9, 0, 35, 14, 0, 1, 1.14286, 1, 0, 25, 40, 0, 0, 1, 1450, 0, 1, 0, 0, 0, 0, 0, 0, 0, 0, 0, 0, 7, 0, 0, 0, 0, 0, 0, 0, 0, 0, 0, 0, 0, 0, 0, 0, 0, 0, 0, 0, 0, 0, 0, '', 0, 3, 1, 1.4, 1, 0, 0, 0, 0, 0, 0, 0, 0, 1, '', 0, 0, '', 1),

/*
#######################################
#                            CREATURE_AI_TEXTS
#######################################
*/

INSERT INTO creature_ai_texts
(`entry`, `content_default`, `content_loc1`, `content_loc2`, `content_loc3`, `content_loc4`, `content_loc5`, `content_loc6`, `content_loc7`, `content_loc8`, `sound`, `type`, `language`, `emote`, `comment`)
VALUES

(-70000, 'Je peux encercler mes ennemis...Tout seul !', NULL,'Je peux encercler mes ennemis...Tout seul !', NULL, NULL, NULL, NULL, NULL, NULL, 0, 0, 0, 0, NULL),
(-70001, 'Lorsque Nuck Chorris crie au bord d\'une falaise, il n\'y a pas d\'écho. On ne répond pas à Nuck Chorris.', NULL,'Lorsque Nuck Chorris crie au bord d\'une falaise, il n\'y a pas d\'écho. On ne répond pas à Nuck Chorris.', NULL, NULL, NULL, NULL, NULL, NULL, 0, 0, 0, 0, NULL),
(-70002, 'Que la Lumière vous guide !', NULL,'Que la Lumière vous guide !', NULL, NULL, NULL, NULL, NULL, NULL, 0, 0, 0, 0, NULL),
(-70003, 'La Lumière sauvera notre cité du Fléau !', NULL,'La Lumière sauvera notre cité du Fléau !', NULL, NULL, NULL, NULL, NULL, NULL, 0, 0, 0, 0, NULL),
(-70004, 'Venez gouter notre bon Chateau Labaliste ! Un vin extraordinaire !', NULL,'Venez gouter notre bon Chateau Labaliste ! Un vin extraordinaire !', NULL, NULL, NULL, NULL, NULL, NULL, 0, 0, 0, 0, NULL),
(-70005, 'Il est bon il est frais mon poisson amenez la grande mer chez vous !', NULL,'Il est bon il est frais mon poisson amenez la grande mer chez vous !', NULL, NULL, NULL, NULL, NULL, NULL, 0, 0, 0, 0, NULL),
(-70006, 'Donnez moi juste une pièce...J\'ai faim...Monseigneur...', NULL,'Donnez moi juste une pièce...J\'ai faim...Monseigneur...', NULL, NULL, NULL, NULL, NULL, NULL, 0, 0, 0, 0, NULL),
(-70007, 'J\'ai demandé à la lune...', NULL,'J\'ai demandé à la lune...', NULL, NULL, NULL, NULL, NULL, NULL, 0, 0, 0, 0, NULL),
(-70008, 'Et la Lumière ne le sais pas...', NULL,'Et la Lumière ne le sais pas...', NULL, NULL, NULL, NULL, NULL, NULL, 0, 0, 0, 0, NULL),

/*
#######################################
#                            CREATURE_AI_SCRIPTS
#######################################
*/

INSERT INTO `creature_ai_scripts` 
(`id`, `creature_id`, `event_type`, `event_inverse_phase_mask`, `event_chance`, `event_flags`, `event_param1`, `event_param2`, `event_param3`, `event_param4`, `action1_type`, `action1_param1`, `action1_param2`, `action1_param3`, `action2_type`, `action2_param1`, `action2_param2`, `action2_param3`, `action3_type`, `action3_param1`, `action3_param2`, `action3_param3`, `comment`) 
VALUES 

(70000, 70000, 1, 0, 100, 0, 9000, 9000, 150000, 180000, 1, -70000, -70001, 0, 0, 0, 0, 0, 0, 0, 0, 0, ''),
(70001, 70007, 1, 0, 100, 0, 9000, 9000, 7500, 8000, 1, -70002, -70003, 0, 0, 0, 0, 0, 0, 0, 0, 0, ''),
(70002, 70024, 1, 0, 100, 0, 9000, 9000, 6000, 8000, 1, -70004, 0, 0, 0, 0, 0, 0, 0, 0, 0, 0, ''),
(70003, 70026, 1, 0, 100, 0, 9000, 9000, 10000, 12500, 1, -70005, 0, 0, 0, 0, 0, 0, 0, 0, 0, 0, ''),
(70004, 70042, 1, 0, 100, 0, 9000, 9000, 12500, 14000, 1, -70006, 0, 0, 0, 0, 0, 0, 0, 0, 0, 0, ''),
(70005, 70004, 1, 0, 100, 0, 9000, 9000, 4500, 9000, 1, -70007, 0, 0, 0, 0, 0, 0, 0, 0, 0, 0, ''),
(70006, 70005, 1, 0, 100, 0, 9000, 9000, 4600, 9100, 1, -70008, 0, 0, 0, 0, 0, 0, 0, 0, 0, 0, ''),

/*
#######################################
#                            CREATURE_EQUIP_TEMPLATE
#######################################
*/

INSERT INTO `creature_equip_template` 
(`entry`, `ItemEntry1`, `ItemEntry2`, `ItemEntry3`) 
VALUES 

(70001, 25150, '', ''),
(7000, 19102, 38322, ''),
(70003,2092,'',''),
(70004,2528,'',''),
(70005,767,'',''),
(70006,1485,'',''),
(70007,6651,'',''),
(70008,6256,'',''),
(70009,15810,'',''),
(70010,2479,'',''),
(70011,3856,'',''),


/*
#######################################
#                            NPC_VENDOR
#######################################
*/

INSERT INTO `npc_vendor`
(`entry`,`item`,`maxcount`)
VALUES

('70024','70000','0'),
('70026','43015','0'), 
('70026','19996','0'), 
('70026','6290','0'), 
('70026','1326','0'), 
('70026','4593','0'),
('70027','6256','0'), 
('70027','6365','0'), 
('70027','6532','0'), 
('70027','6533','0'), 
('70027','6530','0');

/*
#######################################
#                            ITEM_TEMPLATE
#######################################
*/

INSERT INTO `item_template`
(entry, class, subclass, unk0, name, displayid, Quality, Flags, BuyCount, BuyPrice, SellPrice, InventoryType, AllowableClass, AllowableRace, ItemLevel, RequiredLevel, RequiredSkill, RequiredSkillRank, requiredspell, requiredhonorrank, RequiredCityRank, RequiredReputationFaction, RequiredReputationRank, maxcount, stackable, ContainerSlots, stat_type1, stat_value1, stat_type2, stat_value2, stat_type3, stat_value3, stat_type4, stat_value4, stat_type5, stat_value5, stat_type6, stat_value6, stat_type7, stat_value7, stat_type8, stat_value8, stat_type9, stat_value9, stat_type10, stat_value10, dmg_min1, dmg_max1, dmg_type1, dmg_min2, dmg_max2, dmg_type2, armor, holy_res, fire_res, nature_res, frost_res, shadow_res, arcane_res, delay, ammo_type, RangedModRange, spellid_1, spelltrigger_1, spellcharges_1, spellcooldown_1, spellcategory_1, spellcategorycooldown_1, spellid_2, spelltrigger_2, spellcharges_2, spellcooldown_2, spellcategory_2, spellcategorycooldown_2, spellid_3, spelltrigger_3, spellcharges_3, spellcooldown_3, spellcategory_3, spellcategorycooldown_3, spellid_4, spelltrigger_4, spellcharges_4, spellcooldown_4, spellcategory_4, spellcategorycooldown_4, spellid_5, spelltrigger_5, spellcharges_5, spellcooldown_5, spellcategory_5, spellcategorycooldown_5, bonding, description, PageText, LanguageID, PageMaterial, startquest, lockid, Material, sheath, RandomProperty, RandomSuffix, block, itemset, MaxDurability, area, Map, BagFamily, TotemCategory, socketColor_1, socketContent_1, socketColor_2, socketContent_2, socketColor_3, socketContent_3, socketBonus, GemProperties, RequiredDisenchantSkill, ArmorDamageModifier, ScriptName, DisenchantID, StatsCount)
VALUES

(70000, 0, 0, -1, "Bouteille de vin Labaliste", 18079 , 1, 0, 1, 10000, 5012, 0, -1, -1, 0, 0, 0, 0, 0, 0, 0, 0, 0, 0, 1, 0,  0, 0,  0, 0,  0, 0,  0, 0,  0, 0,  0, 0,  0, 0,  0, 0,  0, 0,  0, 0, 0, 0, 0, 0, 0, 0, 0, 0, 0, 0, 0, 0, 0, 0, 0, 0, 11009, 0, -3, 1, 1141, 0, 0, 0, 0, 0, 0, 0, 0, 0, 0, 0, 0, 0, 0, 0, 0, 0, 0, 0, 0, 0, 0, 0, 0, 0, 0, "Quel bon vin !", 0, 0, 0, 0, 0, -1, 0, 0, 0, 0, 0, 0, 0, 0, 0, 0, 0, 0, 0, 0, 0, 0, 0, 0, 0, 0, 'internalitemhanler', 0, 10);

/*
#######################################
MERCI DE NE PAS MODIFIER LE COPYRIGHT EN DEBUT DE REQUÊTE - © 2011 NeWoW Emu -  */