/*
Créé par la Team Nausica
Réadapter par The-Angelus
de la Team ParamYsticK
http:\\paramystick.online.fr
© 2008 Groupe-ParamYsticK
*/

/*
REQUETTE COMPATIBLE
Serveur Mangos
Core 6702
*/

/*
Définition: Discothèque Nausica
Requète complette
*/

/*
#######################################
#                                   CREATURE_TEMPLATE
#######################################
*/

REPLACE INTO `creature_template` (`entry`, `difficulty_entry_1`, `difficulty_entry_2`, `difficulty_entry_3`, `KillCredit1`, `KillCredit2`, `modelid1`, `modelid2`, `modelid3`, `modelid4`, `name`, `subname`, `IconName`, `gossip_menu_id`, `minlevel`, `maxlevel`, `exp`, `faction_A`, `faction_H`, `npcflag`, `speed_walk`, `speed_run`, `scale`, `rank`, `mindmg`, `maxdmg`, `dmgschool`, `attackpower`, `dmg_multiplier`, `baseattacktime`, `rangeattacktime`, `unit_class`, `unit_flags`, `dynamicflags`, `family`, `trainer_type`, `trainer_spell`, `trainer_class`, `trainer_race`, `minrangedmg`, `maxrangedmg`, `rangedattackpower`, `type`, `type_flags`, `lootid`, `pickpocketloot`, `skinloot`, `resistance1`, `resistance2`, `resistance3`, `resistance4`, `resistance5`, `resistance6`, `spell1`, `spell2`, `spell3`, `spell4`, `spell5`, `spell6`, `spell7`, `spell8`, `PetSpellDataId`, `VehicleId`, `mingold`, `maxgold`, `AIName`, `MovementType`, `InhabitType`, `Health_mod`, `Mana_mod`, `Armor_mod`, `RacialLeader`, `questItem1`, `questItem2`, `questItem3`, `questItem4`, `questItem5`, `questItem6`, `movementId`, `RegenHealth`, `equipment_id`, `mechanic_immune_mask`, `flags_extra`, `ScriptName`, `WDBVerified`) VALUES (99110, 0, 0, 0, 0, 0, 21659, 0, 0, 0, 'Gene Simmons', 'Memory Music', '', 0, 78, 78, 0, 35, 35, 0, 1, 1.14286, 1, 1, 0, 0, 0, 0, 1, 0, 0, 0, 0, 0, 0, 0, 0, 0, 0, 0, 0, 0, 0, 0, 0, 0, 0, 0, 0, 0, 0, 0, 0, 0, 0, 0, 0, 0, 0, 0, 0, 0, 0, 0, 0, '', 0, 3, 400, 1, 1, 0, 0, 0, 0, 0, 0, 0, 0, 1, 0, 0, 0, '', 1);
REPLACE INTO `creature_template` (`entry`, `difficulty_entry_1`, `difficulty_entry_2`, `difficulty_entry_3`, `KillCredit1`, `KillCredit2`, `modelid1`, `modelid2`, `modelid3`, `modelid4`, `name`, `subname`, `IconName`, `gossip_menu_id`, `minlevel`, `maxlevel`, `exp`, `faction_A`, `faction_H`, `npcflag`, `speed_walk`, `speed_run`, `scale`, `rank`, `mindmg`, `maxdmg`, `dmgschool`, `attackpower`, `dmg_multiplier`, `baseattacktime`, `rangeattacktime`, `unit_class`, `unit_flags`, `dynamicflags`, `family`, `trainer_type`, `trainer_spell`, `trainer_class`, `trainer_race`, `minrangedmg`, `maxrangedmg`, `rangedattackpower`, `type`, `type_flags`, `lootid`, `pickpocketloot`, `skinloot`, `resistance1`, `resistance2`, `resistance3`, `resistance4`, `resistance5`, `resistance6`, `spell1`, `spell2`, `spell3`, `spell4`, `spell5`, `spell6`, `spell7`, `spell8`, `PetSpellDataId`, `VehicleId`, `mingold`, `maxgold`, `AIName`, `MovementType`, `InhabitType`, `Health_mod`, `Mana_mod`, `Armor_mod`, `RacialLeader`, `questItem1`, `questItem2`, `questItem3`, `questItem4`, `questItem5`, `questItem6`, `movementId`, `RegenHealth`, `equipment_id`, `mechanic_immune_mask`, `flags_extra`, `ScriptName`, `WDBVerified`) VALUES (99111, 0, 0, 0, 0, 0, 21661, 0, 0, 0, 'Joey Kramer', 'Memory Music', '', 0, 78, 78, 0, 35, 35, 0, 1, 1.14286, 1, 1, 0, 0, 0, 0, 1, 0, 0, 0, 0, 0, 0, 0, 0, 0, 0, 0, 0, 0, 0, 0, 0, 0, 0, 0, 0, 0, 0, 0, 0, 0, 0, 0, 0, 0, 0, 0, 0, 0, 0, 0, 0, '', 0, 3, 400, 1, 1, 0, 0, 0, 0, 0, 0, 0, 0, 1, 0, 0, 0, '', 1);
REPLACE INTO `creature_template` (`entry`, `difficulty_entry_1`, `difficulty_entry_2`, `difficulty_entry_3`, `KillCredit1`, `KillCredit2`, `modelid1`, `modelid2`, `modelid3`, `modelid4`, `name`, `subname`, `IconName`, `gossip_menu_id`, `minlevel`, `maxlevel`, `exp`, `faction_A`, `faction_H`, `npcflag`, `speed_walk`, `speed_run`, `scale`, `rank`, `mindmg`, `maxdmg`, `dmgschool`, `attackpower`, `dmg_multiplier`, `baseattacktime`, `rangeattacktime`, `unit_class`, `unit_flags`, `dynamicflags`, `family`, `trainer_type`, `trainer_spell`, `trainer_class`, `trainer_race`, `minrangedmg`, `maxrangedmg`, `rangedattackpower`, `type`, `type_flags`, `lootid`, `pickpocketloot`, `skinloot`, `resistance1`, `resistance2`, `resistance3`, `resistance4`, `resistance5`, `resistance6`, `spell1`, `spell2`, `spell3`, `spell4`, `spell5`, `spell6`, `spell7`, `spell8`, `PetSpellDataId`, `VehicleId`, `mingold`, `maxgold`, `AIName`, `MovementType`, `InhabitType`, `Health_mod`, `Mana_mod`, `Armor_mod`, `RacialLeader`, `questItem1`, `questItem2`, `questItem3`, `questItem4`, `questItem5`, `questItem6`, `movementId`, `RegenHealth`, `equipment_id`, `mechanic_immune_mask`, `flags_extra`, `ScriptName`, `WDBVerified`) VALUES (99112, 0, 0, 0, 0, 0, 21662, 0, 0, 0, 'jimmy hendrix', 'Memory Music', '', 0, 78, 78, 0, 35, 35, 0, 1, 1.14286, 1, 1, 0, 0, 0, 0, 1, 0, 0, 0, 0, 0, 0, 0, 0, 0, 0, 0, 0, 0, 0, 0, 0, 0, 0, 0, 0, 0, 0, 0, 0, 0, 0, 0, 0, 0, 0, 0, 0, 0, 0, 0, 0, '', 0, 3, 400, 1, 1, 0, 0, 0, 0, 0, 0, 0, 0, 1, 0, 0, 0, '', 1);
REPLACE INTO `creature_template` (`entry`, `difficulty_entry_1`, `difficulty_entry_2`, `difficulty_entry_3`, `KillCredit1`, `KillCredit2`, `modelid1`, `modelid2`, `modelid3`, `modelid4`, `name`, `subname`, `IconName`, `gossip_menu_id`, `minlevel`, `maxlevel`, `exp`, `faction_A`, `faction_H`, `npcflag`, `speed_walk`, `speed_run`, `scale`, `rank`, `mindmg`, `maxdmg`, `dmgschool`, `attackpower`, `dmg_multiplier`, `baseattacktime`, `rangeattacktime`, `unit_class`, `unit_flags`, `dynamicflags`, `family`, `trainer_type`, `trainer_spell`, `trainer_class`, `trainer_race`, `minrangedmg`, `maxrangedmg`, `rangedattackpower`, `type`, `type_flags`, `lootid`, `pickpocketloot`, `skinloot`, `resistance1`, `resistance2`, `resistance3`, `resistance4`, `resistance5`, `resistance6`, `spell1`, `spell2`, `spell3`, `spell4`, `spell5`, `spell6`, `spell7`, `spell8`, `PetSpellDataId`, `VehicleId`, `mingold`, `maxgold`, `AIName`, `MovementType`, `InhabitType`, `Health_mod`, `Mana_mod`, `Armor_mod`, `RacialLeader`, `questItem1`, `questItem2`, `questItem3`, `questItem4`, `questItem5`, `questItem6`, `movementId`, `RegenHealth`, `equipment_id`, `mechanic_immune_mask`, `flags_extra`, `ScriptName`, `WDBVerified`) VALUES (91113, 0, 0, 0, 0, 0, 21665, 0, 0, 0, 'Marco Hietala', 'Memory Music', '', 0, 78, 78, 0, 35, 35, 0, 1, 1.14286, 1, 1, 0, 0, 0, 0, 1, 0, 0, 0, 0, 0, 0, 0, 0, 0, 0, 0, 0, 0, 0, 0, 0, 0, 0, 0, 0, 0, 0, 0, 0, 0, 0, 0, 0, 0, 0, 0, 0, 0, 0, 0, 0, '', 0, 3, 400, 1, 1, 0, 0, 0, 0, 0, 0, 0, 0, 1, 0, 0, 0, '', 1);
REPLACE INTO `creature_template` (`entry`, `difficulty_entry_1`, `difficulty_entry_2`, `difficulty_entry_3`, `KillCredit1`, `KillCredit2`, `modelid1`, `modelid2`, `modelid3`, `modelid4`, `name`, `subname`, `IconName`, `gossip_menu_id`, `minlevel`, `maxlevel`, `exp`, `faction_A`, `faction_H`, `npcflag`, `speed_walk`, `speed_run`, `scale`, `rank`, `mindmg`, `maxdmg`, `dmgschool`, `attackpower`, `dmg_multiplier`, `baseattacktime`, `rangeattacktime`, `unit_class`, `unit_flags`, `dynamicflags`, `family`, `trainer_type`, `trainer_spell`, `trainer_class`, `trainer_race`, `minrangedmg`, `maxrangedmg`, `rangedattackpower`, `type`, `type_flags`, `lootid`, `pickpocketloot`, `skinloot`, `resistance1`, `resistance2`, `resistance3`, `resistance4`, `resistance5`, `resistance6`, `spell1`, `spell2`, `spell3`, `spell4`, `spell5`, `spell6`, `spell7`, `spell8`, `PetSpellDataId`, `VehicleId`, `mingold`, `maxgold`, `AIName`, `MovementType`, `InhabitType`, `Health_mod`, `Mana_mod`, `Armor_mod`, `RacialLeader`, `questItem1`, `questItem2`, `questItem3`, `questItem4`, `questItem5`, `questItem6`, `movementId`, `RegenHealth`, `equipment_id`, `mechanic_immune_mask`, `flags_extra`, `ScriptName`, `WDBVerified`) VALUES (91114, 0, 0, 0, 0, 0, 21666, 0, 0, 0, 'Kurt Cobain', 'Memory Music', '', 0, 78, 78, 0, 35, 35, 0, 1, 1.14286, 1, 1, 0, 0, 0, 0, 1, 0, 0, 0, 0, 0, 0, 0, 0, 0, 0, 0, 0, 0, 0, 0, 0, 0, 0, 0, 0, 0, 0, 0, 0, 0, 0, 0, 0, 0, 0, 0, 0, 0, 0, 0, 0, '', 0, 3, 400, 1, 1, 0, 0, 0, 0, 0, 0, 0, 0, 1, 0, 0, 0, '', 1);
REPLACE INTO `creature_template` (`entry`, `difficulty_entry_1`, `difficulty_entry_2`, `difficulty_entry_3`, `KillCredit1`, `KillCredit2`, `modelid1`, `modelid2`, `modelid3`, `modelid4`, `name`, `subname`, `IconName`, `gossip_menu_id`, `minlevel`, `maxlevel`, `exp`, `faction_A`, `faction_H`, `npcflag`, `speed_walk`, `speed_run`, `scale`, `rank`, `mindmg`, `maxdmg`, `dmgschool`, `attackpower`, `dmg_multiplier`, `baseattacktime`, `rangeattacktime`, `unit_class`, `unit_flags`, `dynamicflags`, `family`, `trainer_type`, `trainer_spell`, `trainer_class`, `trainer_race`, `minrangedmg`, `maxrangedmg`, `rangedattackpower`, `type`, `type_flags`, `lootid`, `pickpocketloot`, `skinloot`, `resistance1`, `resistance2`, `resistance3`, `resistance4`, `resistance5`, `resistance6`, `spell1`, `spell2`, `spell3`, `spell4`, `spell5`, `spell6`, `spell7`, `spell8`, `PetSpellDataId`, `VehicleId`, `mingold`, `maxgold`, `AIName`, `MovementType`, `InhabitType`, `Health_mod`, `Mana_mod`, `Armor_mod`, `RacialLeader`, `questItem1`, `questItem2`, `questItem3`, `questItem4`, `questItem5`, `questItem6`, `movementId`, `RegenHealth`, `equipment_id`, `mechanic_immune_mask`, `flags_extra`, `ScriptName`, `WDBVerified`) VALUES (91115, 0, 0, 0, 0, 0, 21723, 0, 0, 0, 'Mascotte de Shadow Storm', 'Memory Music', '', 0, 78, 78, 0, 35, 35, 0, 1, 1.14286, 1, 0, 0, 0, 0, 0, 1, 0, 0, 0, 0, 0, 0, 0, 0, 0, 0, 0, 0, 0, 0, 0, 0, 0, 0, 0, 0, 0, 0, 0, 0, 0, 0, 0, 0, 0, 0, 0, 0, 0, 0, 0, 0, '', 0, 3, 250, 250, 1, 0, 0, 0, 0, 0, 0, 0, 0, 1, 0, 0, 0, '', 1);
REPLACE INTO `creature_template` (`entry`, `difficulty_entry_1`, `difficulty_entry_2`, `difficulty_entry_3`, `KillCredit1`, `KillCredit2`, `modelid1`, `modelid2`, `modelid3`, `modelid4`, `name`, `subname`, `IconName`, `gossip_menu_id`, `minlevel`, `maxlevel`, `exp`, `faction_A`, `faction_H`, `npcflag`, `speed_walk`, `speed_run`, `scale`, `rank`, `mindmg`, `maxdmg`, `dmgschool`, `attackpower`, `dmg_multiplier`, `baseattacktime`, `rangeattacktime`, `unit_class`, `unit_flags`, `dynamicflags`, `family`, `trainer_type`, `trainer_spell`, `trainer_class`, `trainer_race`, `minrangedmg`, `maxrangedmg`, `rangedattackpower`, `type`, `type_flags`, `lootid`, `pickpocketloot`, `skinloot`, `resistance1`, `resistance2`, `resistance3`, `resistance4`, `resistance5`, `resistance6`, `spell1`, `spell2`, `spell3`, `spell4`, `spell5`, `spell6`, `spell7`, `spell8`, `PetSpellDataId`, `VehicleId`, `mingold`, `maxgold`, `AIName`, `MovementType`, `InhabitType`, `Health_mod`, `Mana_mod`, `Armor_mod`, `RacialLeader`, `questItem1`, `questItem2`, `questItem3`, `questItem4`, `questItem5`, `questItem6`, `movementId`, `RegenHealth`, `equipment_id`, `mechanic_immune_mask`, `flags_extra`, `ScriptName`, `WDBVerified`) VALUES (91117, 0, 0, 0, 0, 0, 40, 0, 0, 0, 'Bratak', 'Videur de la Discothèque', '', 0, 100, 100, 0, 35, 35, 0, 1, 1.14286, 1, 4, 0, 0, 0, 0, 1, 0, 0, 0, 0, 0, 0, 0, 0, 0, 0, 0, 0, 0, 0, 0, 0, 0, 0, 0, 0, 0, 0, 0, 0, 0, 0, 0, 0, 0, 0, 0, 0, 0, 0, 0, 0, '', 0, 3, 400, 1, 1, 0, 0, 0, 0, 0, 0, 0, 0, 1, 0, 0, 0, '', 1);




/*
/*
#######################################
#                                    GAME_TELE
#######################################
*/

REPLACE INTO `game_tele` 
(`id`,`position_x`,`position_y`,`position_z`,`orientation`,`map`,`name`) 
VALUES 

(2200, -8333.6, 606.054, 99.6022, 5.45697, 0, "disco");

/*
#######################################
#                                      GAMEOBJECT
#######################################
*/

/* On efface les GameObject déja présent */

DELETE FROM `gameobject` 
WHERE

(`guid`='17300') OR
(`guid`='17301') OR
(`guid`='17723') OR
(`guid`='17724') OR
(`guid`='17813') OR
(`guid`='17814') OR
(`guid`='17815') OR
(`guid`='17816') OR
(`guid`='17817') OR
(`guid`='17818') OR
(`guid`='19081') OR
(`guid`='19084') OR
(`guid`='19087') OR
(`guid`='19088') OR
(`guid`='19089') OR
(`guid`='19090') OR
(`guid`='19091') OR
(`guid`='19092') OR
(`guid`='19093') OR
(`guid`='19094') OR
(`guid`='19095') OR
(`guid`='19096');

/* On rajoute les GameObject de la Discothèque */

REPLACE INTO `gameobject` 
(`guid`,`id`,`map`,`spawnMask`,`position_x`,`position_y`,`position_z`,`orientation`,`rotation0`,`rotation1`,`rotation2`,`rotation3`,`spawntimesecs`,`animprogress`,`state`)
VALUES

(111500, 301224, 0, 1, -8316.81, 536.077, 106.198, 2.01898, 0, 0, 0.84656, 0.532293, 25, 0, 1),
(111501, 301224, 0, 1, -8293.18, 558.679, 99.6024, 5.34626, 0, 0, 0.451514, -0.892264, 25, 0, 1),
(111502, 301220, 0, 1, -8289.33, 554.693, 99.9359, 5.77112, 0, 0, 0.253245, -0.967402, 25, 0, 1),
(111503, 301224, 0, 1, -8316.55, 541.17, 99.6026, 0.546688, 0, 0, 0.269953, 0.962874, 25, 0, 1),
(111504, 301224, 0, 1, -8312.23, 540.635, 99.6026, 0.68806, 0, 0, 0.337284, 0.941403, 25, 0, 1),
(111505, 301224, 0, 1, -8310.25, 541.775, 99.6026, 0.664498, 0, 0, 0.32617, 0.945311, 25, 0, 1),
(111506, 301224, 0, 1, -8314.31, 542.325, 99.6026, 0.613447, 0, 0, 0.301937, 0.953328, 25, 0, 1),
(111507, 301224, 0, 1, -8310.54, 548.014, 99.6029, 2.72146, 0, 0, 0.978017, 0.208526, 25, 0, 1),
(111508, 301224, 0, 1, -8317.78, 543.647, 99.6024, 0.765815, 0, 0, 0.373619, 0.927582, 25, 0, 1),
(111509, 301224, 0, 1, -8309.39, 545.651, 99.6026, 1.36429, 0, 0, 0.630459, 0.776223, 25, 0, 1),
(111510, 301224, 0, 1, -8308.39, 543.195, 99.6026, 0.47993, 0, 0, 0.237668, 0.971346, 25, 0, 1),
(111511, 301224, 0, 1, -8321.09, 538.071, 99.6026, 3.46052, 0, 0, 0.987313, -0.158787, 25, 0, 1),
(111512, 301224, 0, 1, -8321.88, 535.748, 99.6024, 4.94099, 0, 0, 0.621845, -0.783141, 25, 0, 1),
(111513, 301224, 0, 1, -8319.83, 542.298, 99.6024, 2.08057, 0, 0, 0.862549, 0.505974, 25, 0, 1),
(111514, 301224, 0, 1, -8321.99, 540.293, 99.6024, 2.89424, 0, 0, 0.992362, 0.123359, 25, 0, 1),
(111515, 301224, 0, 1, -8311.87, 544.032, 99.6026, 0.656644, 0, 0, 0.322455, 0.946585, 25, 0, 1),
(111516, 301208, 0, 1, -8333.02, 572.792, 99.6032, 2.16475, 0, 0, 0.883075, 0.469232, 25, 0, 1),
(111517, 301208, 0, 1, -8337.92, 564.033, 99.6026, 2.17496, 0, 0, 0.885459, 0.464718, 25, 0, 1),
(111518, 301224, 0, 1, -8316.41, 538.807, 99.6026, 0.252164, 0, 0, 0.125748, 0.992062, 25, 0, 1),
(111519, 301208, 0, 1, -8333.86, 566.842, 99.6026, 0.663069, 0, 0, 0.325495, 0.945544, 25, 0, 1),
(111520, 301224, 0, 1, -8306.01, 545.364, 99.6029, 5.15933, 0, 0, 0.532817, -0.846231, 25, 0, 1),
(111521, 301224, 0, 1, -8307.92, 547.882, 99.6029, 5.62115, 0, 0, 0.325006, -0.945712, 25, 0, 1),
(111522, 301208, 0, 1, -8330.62, 569.621, 99.6026, 2.20638, 0, 0, 0.892649, 0.450752, 25, 0, 1),
(111523, 301224, 0, 1, -8319.11, 540.013, 99.6026, 0.260018, 0, 0, 0.129643, 0.991561, 25, 0, 1),
(111524, 301220, 0, 1, -8313.57, 535.096, 99.9356, 3.90423, 0, 0, 0.928174, -0.372147, 25, 0, 1),
(111525, 301224, 0, 1, -8305.92, 551.951, 99.6024, 0.718629, 0, 0, 0.351633, 0.936138, 25, 0, 1),
(111526, 301224, 0, 1, -8290.18, 554.601, 99.6024, 5.34626, 0, 0, 0.451514, -0.892264, 25, 0, 1),
(111527, 301220, 0, 1, -8305.23, 554.308, 100.793, 5.41141, 0, 0, 0.422214, -0.906496, 25, 0, 1),
(111528, 301208, 0, 1, -8331.8, 571.102, 99.6032, 2.19617, 0, 0, 0.890337, 0.455303, 25, 0, 1),
(111529, 301208, 0, 1, -8336.15, 564.906, 99.6027, 3.79289, 0, 0, 0.947444, -0.319923, 25, 0, 1),
(111530, 301224, 0, 1, -8294.81, 560.907, 99.6024, 5.34626, 0, 0, 0.451514, -0.892264, 25, 0, 1),
(111531, 301224, 0, 1, -8301.83, 555.714, 99.6026, 0.530986, 0, 0, 0.262385, 0.964963, 25, 0, 1),
(111532, 301224, 0, 1, -8313.71, 535.586, 99.603, 3.83752, 0, 0, 0.94007, -0.340982, 25, 0, 1),
(111533, 301229, 0, 1, -8336.68, 579.651, 99.6027, 3.77857, 0, 0, 0.94971, -0.313132, 25, 0, 1),
(111534, 301220, 0, 1, -8297.07, 561.439, 100.055, 0.371507, 0, 0, 0.184687, 0.982797, 25, 0, 1),
(111535, 301229, 0, 1, -8330.35, 580.73, 99.6232, 0.665251, 0, 0, 0.326526, 0.945188, 25, 0, 1),
(111536, 301224, 0, 1, -8291.65, 556.598, 99.6024, 5.34626, 0, 0, 0.451514, -0.892264, 25, 0, 1),
(111537, 301224, 0, 1, -8293.19, 554.851, 99.6027, 5.63136, 0, 0, 0.320173, -0.947359, 25, 0, 1),
(111538, 301224, 0, 1, -8292.51, 552.508, 99.6024, 3.74955, 0, 0, 0.954154, -0.299318, 25, 0, 1),
(111539, 301224, 0, 1, -8294.92, 550.833, 99.6024, 3.74955, 0, 0, 0.954154, -0.299318, 25, 0, 1),
(111540, 301224, 0, 1, -8316.53, 533.226, 99.603, 3.83752, 0, 0, 0.94007, -0.340982, 25, 0, 1),
(111541, 301224, 0, 1, -8315.99, 535.722, 99.603, 5.124, 0, 0, 0.547684, -0.836685, 25, 0, 1),
(111542, 301220, 0, 1, -8321.05, 535.634, 99.9357, 0.855318, 0, 0, 0.414742, 0.909939, 25, 0, 1),
(111543, 301220, 0, 1, -8318.33, 531.623, 99.6032, 3.89481, 0, 0, 0.929917, -0.367769, 25, 0, 1),
(111544, 301220, 0, 1, -8333.63, 566.989, 101.116, 2.31695, 0, 0, 0.916193, 0.400738, 25, 0, 1),
(111545, 301227, 0, 1, -8289.09, 554.559, 99.937, 0.687248, 0, 0, 0.336902, 0.94154, 25, 0, 1),
(111546, 301220, 0, 1, -8306.98, 545.549, 99.9362, 5.4177, 0, 0, 0.419363, -0.907819, 25, 0, 1),
(111547, 301220, 0, 1, -8320.62, 543.271, 99.9357, 3.9812, 0, 0, 0.913169, -0.407582, 25, 0, 1),
(111548, 301234, 0, 1, -8330.53, 582.701, 101.134, 2.27295, 0, 0, 0.907157, 0.420793, 25, 0, 1),
(111549, 301207, 0, 1, -8298.96, 548.508, 99.9357, 5.3786, 0, 0, 0.437029, -0.899447, 25, 0, 1),
(111550, 301212, 0, 1, -8320.59, 575.048, 99.6026, 0.713359, 0, 0, 0.349165, 0.937061, 25, 0, 1),
(111551, 301212, 0, 1, -8326.97, 563.685, 99.6026, 2.2174, 0, 0, 0.895119, 0.445827, 25, 0, 1),
(111552, 301214, 0, 1, -8323.39, 584.034, 99.6026, 5.3705, 0, 0, 0.44067, -0.897669, 25, 0, 1),
(111553, 301214, 0, 1, -8320.64, 580.739, 99.6021, 2.23104, 0, 0, 0.898139, 0.439712, 25, 0, 1),
(111554, 301214, 0, 1, -8321.43, 576.863, 99.6029, 5.10167, 0, 0, 0.55699, -0.830519, 25, 0, 1),
(111555, 301214, 0, 1, -8319.65, 573.18, 99.6026, 1.90902, 0, 0, 0.816031, 0.578008, 25, 0, 1),
(111556, 301214, 0, 1, -8311.83, 572.847, 99.6027, 1.75587, 0, 0, 0.769421, 0.638742, 25, 0, 1),
(111557, 301214, 0, 1, -8314.25, 574.386, 99.6026, 0.247903, 0, 0, 0.123634, 0.992328, 25, 0, 1),
(111558, 301214, 0, 1, -8318.36, 575.893, 99.6026, 3.40128, 0, 0, 0.991582, -0.129478, 25, 0, 1),
(111559, 301214, 0, 1, -8322.42, 574.214, 99.6031, 0.287173, 0, 0, 0.143094, 0.989709, 25, 0, 1),
(111560, 301214, 0, 1, -8323.72, 581.183, 99.6027, 0.589554, 0, 0, 0.290527, 0.956867, 25, 0, 1),
(111561, 301214, 0, 1, -8320.31, 583.745, 99.6027, 3.81754, 0, 0, 0.943428, -0.331577, 25, 0, 1),
(111562, 301212, 0, 1, -8330.89, 556.447, 99.6026, 2.25274, 0, 0, 0.902858, 0.429939, 25, 0, 1),
(111563, 301214, 0, 1, -8310.43, 575.14, 99.6024, 3.31803, 0, 0, 0.996111, -0.0881021, 25, 0, 1),
(111564, 301214, 0, 1, -8312.72, 576.99, 99.6027, 4.91237, 0, 0, 0.632987, -0.774162, 25, 0, 1),
(111565, 301214, 0, 1, -8326.97, 565.778, 99.603, 4.63749, 0, 0, 0.733087, -0.680135, 25, 0, 1),
(111566, 301214, 0, 1, -8327.3, 561.733, 99.6033, 1.37807, 0, 0, 0.635794, 0.771859, 25, 0, 1),
(111567, 301214, 0, 1, -8331.27, 558.825, 99.6068, 4.88488, 0, 0, 0.643571, -0.765387, 25, 0, 1),
(111568, 301214, 0, 1, -8333.09, 556.278, 99.6029, 0.0743053, 0, 0, 0.0371441, 0.99931, 25, 0, 1),
(111569, 301237, 0, 1, -8317.95, 583.812, 111.934, 3.66244, 0, 0, 0.966281, -0.257488, 25, 0, 1),
(111570, 301237, 0, 1, -8314.84, 552.568, 111.406, 6.01077, 0, 0, 0.135786, -0.990738, 25, 0, 1),
(111571, 301215, 0, 1, -8346.78, 566.237, 99.6036, 3.82, 0, 0, 0.94302, -0.332735, 25, 0, 1),
(111572, 301214, 0, 1, -8328.86, 556.645, 99.6025, 3.22769, 0, 0, 0.999074, -0.0430336, 25, 0, 1),
(111573, 301214, 0, 1, -8330.44, 554.579, 99.6031, 1.73543, 0, 0, 0.762853, 0.646572, 25, 0, 1),
(111574, 301214, 0, 1, -8329.06, 563.923, 99.6033, 6.14544, 0, 0, 0.0688177, -0.997629, 25, 0, 1),
(111575, 301214, 0, 1, -8324.63, 563.384, 99.603, 3.0235, 0, 0, 0.998257, 0.0590133, 25, 0, 1),
(111576, 301212, 0, 1, -8312.37, 574.761, 99.6026, 0.666235, 0, 0, 0.326991, 0.945028, 25, 0, 1),
(111577, 301212, 0, 1, -8321.95, 582.413, 99.6023, 0.721214, 0, 0, 0.352842, 0.935683, 25, 0, 1),
(111578, 301207, 0, 1, -8291.26, 554.162, 100.77, 5.41394, 0, 0, 0.421066, -0.90703, 25, 0, 1),
(111579, 301207, 0, 1, -8312.54, 536.553, 99.9359, 5.36289, 0, 0, 0.44408, -0.895987, 25, 0, 1),
(111580, 301207, 0, 1, -8307.17, 540.964, 99.9357, 5.35111, 0, 0, 0.44935, -0.893356, 25, 0, 1),
(111581, 301207, 0, 1, -8319.53, 527.127, 101.134, 5.0448, 0, 0, 0.580378, -0.814347, 25, 0, 1),
(111582, 301207, 0, 1, -8314.1, 531.439, 101.134, 5.33932, 0, 0, 0.454607, -0.890692, 25, 0, 1),
(111583, 301207, 0, 1, -8307.67, 536.559, 101.134, 5.27256, 0, 0, 0.484079, -0.875024, 25, 0, 1),
(111584, 301207, 0, 1, -8291.25, 549.62, 101.134, 5.35111, 0, 0, 0.449352, -0.893355, 25, 0, 1),
(111585, 301237, 0, 1, -8322.53, 583.609, 111.659, 2.79457, 0, 0, 0.984985, 0.172642, 25, 0, 1),
(111586, 301229, 0, 1, -8332.22, 583.058, 99.6027, 0.6142, 0, 0, 0.302296, 0.953214, 25, 0, 1),
(111587, 301224, 0, 1, -8318.71, 531.255, 99.603, 4.34802, 0, 0, 0.823517, -0.567292, 25, 0, 1),
(111588, 301208, 0, 1, -8342.53, 569.695, 99.6026, 2.26136, 0, 0, 0.904701, 0.426047, 25, 0, 1),
(111589, 301224, 0, 1, -8314.97, 544.701, 99.6026, 1.11134, 0, 0, 0.527512, 0.849548, 25, 0, 1),
(111590, 301224, 0, 1, -8316.86, 546.173, 99.6026, 6.02008, 0, 0, 0.131174, -0.991359, 25, 0, 1),
(111591, 301224, 0, 1, -8307.27, 554.153, 99.6024, 6.13002, 0, 0, 0.0765058, -0.997069, 25, 0, 1),
(111592, 301220, 0, 1, -8315.07, 546.777, 100.793, 5.46638, 0, 0, 0.397142, -0.917757, 25, 0, 1),
(111593, 301220, 0, 1, -8314.54, 546.863, 100.793, 0.738289, 0, 0, 0.360818, 0.932636, 25, 0, 1),
(111594, 301224, 0, 1, -8295.51, 553.451, 99.6027, 3.51079, 0, 0, 0.98301, -0.18355, 25, 0, 1),
(111595, 301224, 0, 1, -8296.9, 555.861, 99.6027, 2.28242, 0, 0, 0.909139, 0.416494, 25, 0, 1),
(111596, 301224, 0, 1, -8313.37, 549.149, 99.6024, 4.38646, 0, 0, 0.812463, -0.583013, 25, 0, 1),
(111597, 301224, 0, 1, -8318.43, 534.923, 99.6024, 4.67711, 0, 0, 0.719471, -0.694523, 25, 0, 1),
(111598, 301229, 0, 1, -8333.1, 584.174, 99.6027, 0.625981, 0, 0, 0.307905, 0.951417, 25, 0, 1),
(111599, 301229, 0, 1, -8333.98, 585.27, 99.6027, 0.71159, 0, 0, 0.348335, 0.93737, 25, 0, 1),
(111600, 301229, 0, 1, -8337.53, 580.723, 99.6027, 3.74323, 0, 0, 0.955095, -0.296301, 25, 0, 1),
(111601, 301208, 0, 1, -8335.12, 565.716, 99.6027, 3.8086, 0, 0, 0.944902, -0.327354, 25, 0, 1),
(111602, 301229, 0, 1, -8331.24, 581.826, 99.6027, 0.763425, 0, 0, 0.37251, 0.928028, 25, 0, 1),
(111603, 301224, 0, 1, -8323.03, 532.896, 106.724, 5.43735, 0, 0, 0.410422, -0.911896, 25, 0, 1),
(111604, 301229, 0, 1, -8334.76, 586.251, 99.6027, 0.621269, 0, 0, 0.305663, 0.95214, 25, 0, 1),
(111605, 301234, 0, 1, -8350.9, 566.499, 101.134, 3.605, 0, 0, 0.973277, -0.229636, 25, 0, 1),
(111606, 301234, 0, 1, -8345.49, 570.799, 101.133, 2.43004, 0, 0, 0.937377, 0.348316, 25, 0, 1),
(111607, 301224, 0, 1, -8301.72, 552.324, 99.6027, 2.29577, 0, 0, 0.911899, 0.410415, 25, 0, 1),
(111608, 301224, 0, 1, -8313.78, 539.361, 99.6026, 0.68806, 0, 0, 0.337284, 0.941403, 25, 0, 1),
(111609, 301224, 0, 1, -8312.89, 546.371, 99.6026, 2.66643, 0, 0, 0.97191, 0.235354, 25, 0, 1),
(111610, 301234, 0, 1, -8348.3, 563.234, 101.134, 3.63011, 0, 0, 0.970317, -0.241838, 25, 0, 1),
(111611, 301234, 0, 1, -8344.91, 558.969, 101.134, 3.81075, 0, 0, 0.944548, -0.328373, 25, 0, 1),
(111612, 301234, 0, 1, -8342.98, 556.543, 101.134, 3.80683, 0, 0, 0.945191, -0.326518, 25, 0, 1),
(111613, 301234, 0, 1, -8336.86, 577.663, 101.134, 2.27375, 0, 0, 0.907324, 0.420432, 25, 0, 1),
(111614, 301224, 0, 1, -8297.58, 568.585, 101.721, 5.36085, 0, 0, 0.444992, -0.895534, 25, 0, 1),
(111615, 301224, 0, 1, -8299.34, 554.112, 99.6027, 4.02679, 0, 0, 0.903641, -0.42829, 25, 0, 1),
(111616, 301224, 0, 1, -8295.52, 558.081, 99.6032, 3.66787, 0, 0, 0.965579, -0.26011, 25, 0, 1),
(111617, 301224, 0, 1, -8301.44, 545.884, 99.6024, 3.86893, 0, 0, 0.934599, -0.355704, 25, 0, 1),
(111618, 301219, 0, 1, -8328.62, 574.411, 99.6021, 5.34463, 0, 0, 0.452243, -0.891895, 25, 0, 1),
(111619, 301234, 0, 1, -8338.26, 615.421, 99.602, 5.39479, 0, 0, 0.429732, -0.902956, 25, 0, 1),
(111620, 301224, 0, 1, -8318.39, 537.437, 99.6026, 3.87285, 0, 0, 0.933899, -0.357537, 25, 0, 1),
(111621, 301224, 0, 1, -8311.47, 550.691, 99.6024, 0.482295, 0, 0, 0.238817, 0.971065, 25, 0, 1),
(111622, 301208, 0, 1, -8332.3, 568.339, 99.6026, 0.6238, 0, 0, 0.306867, 0.951752, 25, 0, 1),
(111623, 301220, 0, 1, -8294.7, 550.086, 99.9356, 3.67019, 0, 0, 0.965276, -0.26123, 25, 0, 1),
(111624, 301224, 0, 1, -8323.71, 533.661, 106.391, 5.43735, 0, 0, 0.410422, -0.911896, 25, 0, 1),
(111625, 301229, 0, 1, -8335.91, 578.691, 99.6027, 3.70082, 0, 0, 0.961163, -0.275982, 25, 0, 1),
(111626, 301224, 0, 1, -8301.75, 569.755, 99.9365, 5.38049, 0, 0, 0.43618, -0.899859, 25, 0, 1),
(111627, 301224, 0, 1, -8301.77, 548.458, 99.6035, 3.14636, 0, 0, 0.999997, -0.00238399, 25, 0, 1),
(111628, 301224, 0, 1, -8303.79, 553.845, 99.603, 2.44258, 0, 0, 0.939542, 0.342435, 25, 0, 1),
(111629, 301224, 0, 1, -8315.5, 547.769, 99.6026, 5.36428, 0, 0, 0.443456, -0.896296, 25, 0, 1),
(111630, 301224, 0, 1, -8297.86, 558.936, 99.6026, 0.681783, 0, 0, 0.334327, 0.942457, 25, 0, 1),
(111631, 301224, 0, 1, -8300.09, 550.488, 99.6027, 3.73462, 0, 0, 0.95636, -0.29219, 25, 0, 1),
(111632, 301224, 0, 1, -8305.89, 542.165, 99.6024, 3.86422, 0, 0, 0.935434, -0.353501, 25, 0, 1),
(111633, 301224, 0, 1, -8301.41, 569.321, 100.27, 5.38049, 0, 0, 0.43618, -0.899859, 25, 0, 1),
(111634, 301224, 0, 1, -8320.34, 533.919, 99.603, 4.6614, 0, 0, 0.724903, -0.688851, 25, 0, 1),
(111635, 301224, 0, 1, -8297.12, 549.301, 99.6024, 3.74955, 0, 0, 0.954154, -0.299318, 25, 0, 1),
(111636, 301224, 0, 1, -8299.75, 557.404, 99.6026, 0.681783, 0, 0, 0.334327, 0.942457, 25, 0, 1),
(111637, 301224, 0, 1, -8297.08, 560.82, 99.722, 5.34391, 0, 0, 0.452565, -0.891731, 25, 0, 1),
(111638, 301224, 0, 1, -8308.23, 540.099, 99.6032, 3.86422, 0, 0, 0.935434, -0.353501, 25, 0, 1),
(111639, 301224, 0, 1, -8310.44, 538.15, 99.6032, 3.86422, 0, 0, 0.935434, -0.353501, 25, 0, 1),
(111640, 301224, 0, 1, -8305.27, 555.807, 99.6025, 4.13511, 0, 0, 0.879132, -0.476579, 25, 0, 1),
(111641, 301224, 0, 1, -8319.82, 545.218, 99.6024, 3.75348, 0, 0, 0.953564, -0.301192, 25, 0, 1),
(111642, 301224, 0, 1, -8296.9, 562.967, 99.6033, 0.66922, 0, 0, 0.328401, 0.944538, 25, 0, 1),
(111643, 301224, 0, 1, -8311.71, 537.034, 99.6032, 3.86422, 0, 0, 0.935434, -0.353501, 25, 0, 1),
(111644, 301200, 0, 1, -8335.37, 608.011, 99.6006, 2.22492, 0, 0, 0.896789, 0.442458, 25, 0, 1),
(111645, 301234, 0, 1, -8341.59, 583.926, 99.6024, 4.82314, 0, 0, 0.666887, -0.745159, 25, 0, 1),
(111646, 301208, 0, 1, -8335, 575.61, 99.6032, 2.21408, 0, 0, 0.894379, 0.44731, 25, 0, 1),
(111647, 301240, 0, 1, -8339.08, 593.887, 99.6025, 5.33761, 0, 0, 0.45537, -0.890302, 25, 0, 1),
(111648, 301240, 0, 1, -8336.14, 596.224, 99.6034, 5.37609, 0, 0, 0.438158, -0.898898, 25, 0, 1),
(111649, 301240, 0, 1, -8335.15, 588.839, 99.6026, 5.32503, 0, 0, 0.46096, -0.887421, 25, 0, 1),
(111650, 301240, 0, 1, -8332.21, 591.177, 99.6026, 5.43892, 0, 0, 0.409708, -0.912217, 25, 0, 1),
(111651, 301240, 0, 1, -8329.27, 593.515, 99.6023, 5.40356, 0, 0, 0.425768, -0.904832, 25, 0, 1),
(111652, 301240, 0, 1, -8333.49, 598.334, 99.6023, 2.21091, 0, 0, 0.893669, 0.448727, 25, 0, 1),
(111653, 301240, 0, 1, -8334.63, 601.673, 99.6025, 3.78956, 0, 0, 0.947975, -0.318346, 25, 0, 1),
(111654, 301240, 0, 1, -8329.1, 605.74, 99.6022, 0.640114, 0, 0, 0.314621, 0.949217, 25, 0, 1),
(111655, 301234, 0, 1, -8331.76, 608.888, 99.6022, 1.81822, 0, 0, 0.788956, 0.61445, 25, 0, 1),
(111656, 301234, 0, 1, -8337, 604.656, 99.6021, 2.93741, 0, 0, 0.994793, 0.101915, 25, 0, 1),
(111657, 301234, 0, 1, -8323.21, 598.332, 99.6029, 5.66273, 0, 0, 0.305273, -0.952265, 25, 0, 1),
(111658, 301234, 0, 1, -8345.47, 588.808, 99.6028, 3.54687, 0, 0, 0.979539, -0.201256, 25, 0, 1),
(111659, 301224, 0, 1, -8301.23, 559.536, 99.6033, 0.66922, 0, 0, 0.328401, 0.944538, 25, 0, 1),
(111660, 301224, 0, 1, -8303.11, 558.051, 99.6033, 0.66922, 0, 0, 0.328401, 0.944538, 25, 0, 1),
(111661, 301224, 0, 1, -8299.08, 561.239, 99.6033, 0.66922, 0, 0, 0.328401, 0.944538, 25, 0, 1),
(111662, 301233, 0, 1, -8333.56, 579.897, 99.6027, 2.17778, 0, 0, 0.886114, 0.463468, 25, 0, 1),
(111663, 301233, 0, 1, -8337.65, 585.5, 99.6027, 5.38614, 0, 0, 0.433636, -0.901088, 25, 0, 1),
(111664, 301222, 0, 1, -8334.17, 606.106, 99.6029, 5.39401, 0, 0, 0.430086, -0.902788, 25, 0, 1),
(111665, 301222, 0, 1, -8332.26, 603.734, 99.6029, 5.39008, 0, 0, 0.431858, -0.901942, 25, 0, 1),
(111666, 301222, 0, 1, -8333.2, 604.901, 99.6029, 5.39008, 0, 0, 0.431858, -0.901942, 25, 0, 1),
(111667, 301222, 0, 1, -8330.19, 601.256, 99.6029, 5.39794, 0, 0, 0.428312, -0.903631, 25, 0, 1),
(111668, 301222, 0, 1, -8331.14, 602.412, 99.6029, 5.39794, 0, 0, 0.428312, -0.903631, 25, 0, 1),
(111669, 301222, 0, 1, -8329.46, 600.355, 99.6029, 5.39794, 0, 0, 0.428312, -0.903631, 25, 0, 1),
(111670, 301222, 0, 1, -8328.94, 599.727, 99.6029, 5.39794, 0, 0, 0.428312, -0.903631, 25, 0, 1),
(111671, 301222, 0, 1, -8328.65, 599.364, 99.6029, 5.39794, 0, 0, 0.428312, -0.903631, 25, 0, 1),
(111672, 301222, 0, 1, -8328.93, 598.016, 99.6029, 3.82715, 0, 0, 0.941825, -0.336104, 25, 0, 1),
(111673, 301222, 0, 1, -8328.4, 598.443, 99.6029, 3.82715, 0, 0, 0.941825, -0.336104, 25, 0, 1),
(111674, 301222, 0, 1, -8329.86, 597.255, 99.6029, 3.82715, 0, 0, 0.941825, -0.336104, 25, 0, 1),
(111675, 301222, 0, 1, -8331.21, 596.147, 99.6029, 3.82715, 0, 0, 0.941825, -0.336104, 25, 0, 1),
(111676, 301222, 0, 1, -8332.74, 594.893, 99.6029, 3.82715, 0, 0, 0.941825, -0.336104, 25, 0, 1),
(111677, 301222, 0, 1, -8334.36, 593.568, 99.6029, 3.82715, 0, 0, 0.941825, -0.336104, 25, 0, 1),
(111678, 301222, 0, 1, -8335.81, 592.385, 99.6029, 3.82715, 0, 0, 0.941825, -0.336104, 25, 0, 1),
(111679, 301222, 0, 1, -8337.34, 591.131, 99.6029, 3.82715, 0, 0, 0.941825, -0.336104, 25, 0, 1),
(111680, 301222, 0, 1, -8338.79, 589.947, 99.6029, 3.82715, 0, 0, 0.941825, -0.336104, 25, 0, 1),
(111681, 301222, 0, 1, -8340.14, 588.839, 99.6029, 3.82715, 0, 0, 0.941825, -0.336104, 25, 0, 1),
(111682, 301218, 0, 1, -8340.39, 560.919, 107.009, 0.683976, 0, 0, 0.335361, 0.94209, 25, 0, 1),
(111683, 301218, 0, 1, -8340, 561.711, 106.272, 0.651778, 0, 0, 0.320151, 0.947367, 25, 0, 1),
(111684, 301224, 0, 1, -8299.31, 547.778, 99.6024, 3.74955, 0, 0, 0.954154, -0.299318, 25, 0, 1),
(111685, 301224, 0, 1, -8303.91, 543.906, 99.6024, 3.86422, 0, 0, 0.935434, -0.353501, 25, 0, 1),
(111686, 301220, 0, 1, -8300.3, 546.733, 99.9356, 4.02754, 0, 0, 0.903481, -0.428629, 25, 0, 1),
(111687, 301224, 0, 1, -8309.65, 552.553, 99.6024, 0.796455, 0, 0, 0.387785, 0.92175, 25, 0, 1),
(111688, 301234, 0, 1, -8341.76, 612.563, 99.6019, 5.42621, 0, 0, 0.415497, -0.909595, 25, 0, 1),
(111689, 301236, 0, 1, -8333.35, 611.662, 99.6015, 5.34767, 0, 0, 0.450885, -0.892582, 25, 0, 1),
(111690, 301236, 0, 1, -8339.13, 606.977, 99.6015, 5.36338, 0, 0, 0.443861, -0.896096, 25, 0, 1),
(111691, 301217, 0, 1, -8336.01, 621.984, 99.5969, 5.23771, 0, 0, 0.499253, -0.866456, 25, 0, 1),
(111692, 301217, 0, 1, -8337.34, 624.282, 98.5481, 5.23771, 0, 0, 0.499253, -0.866456, 25, 0, 1),
(111693, 301217, 0, 1, -8338.21, 625.777, 97.8672, 5.23771, 0, 0, 0.499253, -0.866456, 25, 0, 1),
(111694, 301217, 0, 1, -8348.34, 611.604, 99.775, 5.51574, 0, 0, 0.374375, -0.927277, 25, 0, 1),
(111695, 301216, 0, 1, -8314.46, 584.477, 99.6028, 5.37843, 0, 0, 0.437107, -0.89941, 25, 0, 1),
(111696, 301216, 0, 1, -8312.21, 581.732, 99.6024, 2.25097, 0, 0, 0.902476, 0.43074, 25, 0, 1),
(111697, 301224, 0, 1, -8331.61, 547.812, 99.9362, 5.4177, 0, 0, 0.419361, -0.907819, 25, 0, 1),
(111698, 301224, 0, 1, -8331.95, 548.211, 99.6025, 5.4177, 0, 0, 0.419361, -0.907819, 25, 0, 1),
(111699, 301229, 0, 1, -8338.28, 581.671, 99.6027, 3.76286, 0, 0, 0.95214, -0.305663, 25, 0, 1),
(111700, 301224, 0, 1, -8325.95, 536.195, 105.057, 5.43735, 0, 0, 0.410422, -0.911896, 25, 0, 1),
(111701, 301224, 0, 1, -8285.72, 554.407, 107.491, 2.21172, 0, 0, 0.893851, 0.448364, 25, 0, 1),
(111702, 301224, 0, 1, -8331.05, 542.419, 102.055, 5.42949, 0, 0, 0.414005, -0.910275, 25, 0, 1),
(111703, 301224, 0, 1, -8294.15, 556.168, 99.6027, 5.17269, 0, 0, 0.527154, -0.84977, 25, 0, 1),
(111704, 301224, 0, 1, -8331.07, 542.657, 101.721, 3.89168, 0, 0, 0.930492, -0.366313, 25, 0, 1),
(111705, 301224, 0, 1, -8322.08, 531.766, 107.39, 5.38238, 0, 0, 0.435328, -0.900272, 25, 0, 1),
(111706, 301224, 0, 1, -8307.97, 550.024, 99.6021, 1.39257, 0, 0, 0.64137, 0.767231, 25, 0, 1),
(111707, 301224, 0, 1, -8305.77, 548.85, 99.6029, 0.35584, 0, 0, 0.176983, 0.984214, 25, 0, 1),
(111708, 301224, 0, 1, -8323.97, 538.043, 99.6029, 3.67022, 0, 0, 0.965272, -0.261246, 25, 0, 1),
(111709, 301220, 0, 1, -8293.68, 557.783, 99.9359, 5.35879, 0, 0, 0.445916, -0.895075, 25, 0, 1),
(111710, 301224, 0, 1, -8303.73, 550.503, 99.6027, 2.95865, 0, 0, 0.995819, 0.0913436, 25, 0, 1),
(111711, 301224, 0, 1, -8297.63, 552.146, 99.6027, 5.42794, 0, 0, 0.414707, -0.909955, 25, 0, 1),
(111712, 301224, 0, 1, -8322.31, 542.867, 99.6024, 3.81317, 0, 0, 0.944151, -0.329513, 25, 0, 1),
(111713, 301224, 0, 1, -8325.04, 540.698, 99.6024, 3.81317, 0, 0, 0.944151, -0.329513, 25, 0, 1),
(111714, 301224, 0, 1, -8295.58, 566.377, 102.387, 5.44725, 0, 0, 0.405906, -0.913915, 25, 0, 1),
(111715, 301208, 0, 1, -8339.31, 565.796, 99.6026, 2.26136, 0, 0, 0.904701, 0.426047, 25, 0, 1),
(111716, 301229, 0, 1, -8339.02, 582.598, 99.6027, 3.82177, 0, 0, 0.942725, -0.33357, 25, 0, 1),
(111717, 301224, 0, 1, -8286.93, 556.433, 106.39, 5.40041, 0, 0, 0.427193, -0.904161, 25, 0, 1),
(111718, 301229, 0, 1, -8334.78, 577.74, 99.6027, 3.73223, 0, 0, 0.956709, -0.291046, 25, 0, 1),
(111719, 301229, 0, 1, -8335.54, 587.232, 99.6027, 3.83355, 0, 0, 0.940744, -0.339117, 25, 0, 1),
(111720, 301224, 0, 1, -8297.87, 569.202, 101.387, 0.577775, 0, 0, 0.284886, 0.958561, 25, 0, 1),
(111721, 301224, 0, 1, -8299.34, 568.37, 101.054, 0.67595, 0, 0, 0.331577, 0.943428, 25, 0, 1),
(111722, 301224, 0, 1, -8300.1, 567.659, 100.72, 5.37656, 0, 0, 0.437946, -0.899001, 25, 0, 1),
(111723, 301224, 0, 1, -8331.01, 547.102, 100.27, 5.4177, 0, 0, 0.419361, -0.907819, 25, 0, 1),
(111724, 301224, 0, 1, -8320.66, 530.548, 107.39, 0.862409, 0, 0, 0.417965, 0.908463, 25, 0, 1),
(111725, 301224, 0, 1, -8319.21, 528.995, 107.39, 0.685695, 0, 0, 0.33617, 0.941801, 25, 0, 1),
(111726, 301224, 0, 1, -8317.37, 529.624, 107.39, 2.31147, 0, 0, 0.915091, 0.403246, 25, 0, 1),
(111727, 301224, 0, 1, -8315.29, 530.531, 107.39, 2.2722, 0, 0, 0.906998, 0.421135, 25, 0, 1),
(111728, 301224, 0, 1, -8313.8, 531.968, 107.491, 2.25649, 0, 0, 0.903663, 0.428245, 25, 0, 1),
(111729, 301224, 0, 1, -8311.49, 533.522, 107.491, 2.37823, 0, 0, 0.92804, 0.372482, 25, 0, 1),
(111730, 301224, 0, 1, -8309.79, 535.126, 107.491, 2.32718, 0, 0, 0.918231, 0.396046, 25, 0, 1),
(111731, 301224, 0, 1, -8304.42, 539.609, 107.491, 2.28398, 0, 0, 0.909463, 0.415785, 25, 0, 1),
(111732, 301224, 0, 1, -8302.42, 541.558, 107.491, 2.26827, 0, 0, 0.906169, 0.422915, 25, 0, 1),
(111733, 301224, 0, 1, -8300.05, 542.895, 107.491, 2.25257, 0, 0, 0.90282, 0.430019, 25, 0, 1),
(111734, 301224, 0, 1, -8297.99, 544.566, 107.491, 2.25257, 0, 0, 0.90282, 0.430019, 25, 0, 1),
(111735, 301224, 0, 1, -8295.77, 546.088, 107.491, 2.28005, 0, 0, 0.908645, 0.41757, 25, 0, 1),
(111736, 301224, 0, 1, -8293.8, 547.813, 107.491, 2.33111, 0, 0, 0.919006, 0.394243, 25, 0, 1),
(111737, 301224, 0, 1, -8305.94, 538.262, 107.491, 2.24078, 0, 0, 0.900271, 0.435329, 25, 0, 1),
(111738, 301224, 0, 1, -8307.69, 536.54, 107.491, 2.20151, 0, 0, 0.891551, 0.452921, 25, 0, 1),
(111739, 301224, 0, 1, -8329.95, 541.061, 102.722, 5.44913, 0, 0, 0.405045, -0.914297, 25, 0, 1),
(111740, 301224, 0, 1, -8330.6, 541.772, 102.388, 5.37452, 0, 0, 0.438864, -0.898553, 25, 0, 1),
(111741, 301224, 0, 1, -8330.69, 546.723, 100.605, 5.4177, 0, 0, 0.419361, -0.907819, 25, 0, 1),
(111742, 301224, 0, 1, -8287.92, 552.71, 107.491, 2.26435, 0, 0, 0.905337, 0.424693, 25, 0, 1),
(111743, 301224, 0, 1, -8290.06, 550.929, 107.491, 2.26435, 0, 0, 0.905337, 0.424693, 25, 0, 1),
(111744, 301224, 0, 1, -8291.86, 549.435, 107.491, 2.26435, 0, 0, 0.905337, 0.424693, 25, 0, 1),
(111745, 301238, 0, 1, -8309.9, 549.366, 105.576, 5.37169, 0, 0, 0.440133, -0.897933, 25, 0, 1),
(111746, 301238, 0, 1, -8298.95, 559.2, 106.449, 5.38128, 0, 0, 0.435824, -0.900032, 25, 0, 1),
(111747, 301238, 0, 1, -8320.68, 540.886, 106.035, 5.43625, 0, 0, 0.410922, -0.91167, 25, 0, 1),
(111748, 301224, 0, 1, -8328.76, 544.911, 100.72, 3.78172, 0, 0, 0.949215, -0.314628, 25, 0, 1),
(111749, 301224, 0, 1, -8329.43, 544.179, 101.054, 3.89168, 0, 0, 0.930492, -0.366313, 25, 0, 1),
(111750, 301224, 0, 1, -8330.17, 543.487, 101.388, 3.89168, 0, 0, 0.930492, -0.366313, 25, 0, 1),
(111751, 301224, 0, 1, -8326.32, 536.614, 104.723, 5.43735, 0, 0, 0.410422, -0.911896, 25, 0, 1),
(111752, 301224, 0, 1, -8326.95, 537.316, 104.39, 5.43735, 0, 0, 0.410422, -0.911896, 25, 0, 1),
(111753, 301224, 0, 1, -8327.63, 538.086, 104.056, 5.43735, 0, 0, 0.410422, -0.911896, 25, 0, 1),
(111754, 301224, 0, 1, -8328.41, 538.966, 103.723, 5.43735, 0, 0, 0.410422, -0.911896, 25, 0, 1),
(111755, 301224, 0, 1, -8329, 539.632, 103.389, 5.43735, 0, 0, 0.410422, -0.911896, 25, 0, 1),
(111756, 301224, 0, 1, -8329.42, 540.466, 103.056, 5.44128, 0, 0, 0.408632, -0.912699, 25, 0, 1),
(111757, 301224, 0, 1, -8322.56, 532.366, 107.057, 5.43735, 0, 0, 0.410422, -0.911896, 25, 0, 1),
(111758, 301224, 0, 1, -8324.43, 534.478, 106.057, 5.43735, 0, 0, 0.410422, -0.911896, 25, 0, 1),
(111759, 301224, 0, 1, -8324.85, 534.95, 105.724, 5.43735, 0, 0, 0.410422, -0.911896, 25, 0, 1),
(111760, 301224, 0, 1, -8325.27, 535.421, 105.39, 5.43735, 0, 0, 0.410422, -0.911896, 25, 0, 1),
(111761, 301216, 0, 1, -8342.15, 562.281, 99.6025, 5.36821, 0, 0, 0.441695, -0.897166, 25, 0, 1),
(111762, 301224, 0, 1, -8296.55, 567.447, 102.054, 5.44725, 0, 0, 0.405906, -0.913915, 25, 0, 1),
(111763, 301208, 0, 1, -8340.91, 567.734, 99.6026, 2.26136, 0, 0, 0.904701, 0.426047, 25, 0, 1),
(111764, 301224, 0, 1, -8305.71, 545.177, 106.892, 3.87331, 0, 0, 0.933817, -0.35775, 25, 0, 1),
(111765, 301208, 0, 1, -8333.98, 574.252, 99.6032, 2.21408, 0, 0, 0.894379, 0.44731, 25, 0, 1),
(111766, 301229, 0, 1, -8339.86, 583.651, 99.6027, 3.83355, 0, 0, 0.940744, -0.339117, 25, 0, 1),
(111767, 301224, 0, 1, -8304.15, 547.063, 99.6035, 3.94747, 0, 0, 0.919913, -0.392122, 25, 0, 1),
(111768, 301224, 0, 1, -8294.54, 554.49, 107.099, 2.37241, 0, 0, 0.926951, 0.375182, 25, 0, 1),
(111769, 301224, 0, 1, -8302.42, 570.599, 99.6025, 5.38049, 0, 0, 0.43618, -0.899859, 25, 0, 1),
(111770, 301216, 0, 1, -8340.04, 559.865, 99.6032, 2.23449, 0, 0, 0.898897, 0.438161, 25, 0, 1),
(111771, 301220, 0, 1, -8306.06, 542.273, 99.9356, 3.90423, 0, 0, 0.928174, -0.372147, 25, 0, 1),
(111772, 301234, 0, 1, -8338.77, 576.141, 101.134, 2.27375, 0, 0, 0.907324, 0.420432, 25, 0, 1),
(111773, 301205, 0, 1, -8339.58, 571.378, 99.6024, 5.40276, 0, 0, 0.426131, -0.904661, 25, 0, 1),
(111774, 301224, 0, 1, -8295.14, 565.836, 102.721, 5.40405, 0, 0, 0.425548, -0.904936, 25, 0, 1),
(111775, 301234, 0, 1, -8324.94, 587.147, 101.134, 2.29259, 0, 0, 0.911244, 0.411867, 25, 0, 1),
(111776, 301224, 0, 1, -8294.08, 564.583, 103.054, 5.41976, 0, 0, 0.418428, -0.90825, 25, 0, 1),
(111777, 301234, 0, 1, -8343.05, 572.735, 101.134, 2.35229, 0, 0, 0.923131, 0.384487, 25, 0, 1),
(111778, 301234, 0, 1, -8322.34, 589.211, 101.134, 2.28866, 0, 0, 0.910434, 0.413655, 25, 0, 1),
(111779, 301234, 0, 1, -8316.62, 593.763, 101.134, 1.15769, 0, 0, 0.547057, 0.837096, 25, 0, 1),
(111780, 301234, 0, 1, -8310.35, 585.884, 101.134, 0.665238, 0, 0, 0.32652, 0.94519, 25, 0, 1),
(111781, 301234, 0, 1, -8308, 582.931, 101.134, 0.661312, 0, 0, 0.324663, 0.94583, 25, 0, 1),
(111782, 301234, 0, 1, -8302.96, 576.595, 101.134, 0.602401, 0, 0, 0.296667, 0.954981, 25, 0, 1),
(111783, 301234, 0, 1, -8337.87, 550.125, 101.134, 3.77148, 0, 0, 0.950813, -0.309765, 25, 0, 1),
(111784, 301234, 0, 1, -8305.65, 579.975, 101.134, 0.559995, 0, 0, 0.276353, 0.961056, 25, 0, 1),
(111785, 301234, 0, 1, -8340.23, 553.09, 101.134, 3.81075, 0, 0, 0.944548, -0.328373, 25, 0, 1),
(111786, 301234, 0, 1, -8313.89, 590.33, 101.134, 0.662883, 0, 0, 0.325406, 0.945574, 25, 0, 1),
(111787, 301234, 0, 1, -8319.88, 591.17, 101.134, 2.28866, 0, 0, 0.910434, 0.413655, 25, 0, 1),
(111788, 301224, 0, 1, -8289.15, 558.829, 105.055, 5.40798, 0, 0, 0.42377, -0.90577, 25, 0, 1),
(111789, 301224, 0, 1, -8291.51, 561.582, 104.055, 5.41976, 0, 0, 0.418428, -0.90825, 25, 0, 1),
(111790, 301224, 0, 1, -8290.41, 560.3, 104.389, 5.41976, 0, 0, 0.418428, -0.90825, 25, 0, 1),
(111791, 301224, 0, 1, -8289.6, 559.353, 104.722, 5.41976, 0, 0, 0.418428, -0.90825, 25, 0, 1),
(111792, 301224, 0, 1, -8286.93, 556.433, 106.724, 5.53944, 0, 0, 0.363363, -0.931648, 25, 0, 1),
(111793, 301224, 0, 1, -8293.13, 563.481, 103.388, 5.41976, 0, 0, 0.418428, -0.90825, 25, 0, 1),
(111794, 301224, 0, 1, -8292.35, 562.561, 103.722, 5.41976, 0, 0, 0.418428, -0.90825, 25, 0, 1),
(111795, 301224, 0, 1, -8285.47, 554.58, 106.097, 1.89047, 0, 0, 0.810634, 0.585553, 25, 0, 1),
(111796, 301227, 0, 1, -8292.97, 555.542, 99.936, 0.679396, 0, 0, 0.333203, 0.942855, 25, 0, 1),
(111797, 301227, 0, 1, -8291.09, 552.919, 99.9355, 0.687248, 0, 0, 0.336902, 0.94154, 25, 0, 1),
(111798, 301227, 0, 1, -8294.82, 549.854, 99.9359, 0.687248, 0, 0, 0.336902, 0.94154, 25, 0, 1),
(111799, 301227, 0, 1, -8290.93, 557.184, 99.936, 0.675469, 0, 0, 0.331351, 0.943508, 25, 0, 1),
(111800, 301227, 0, 1, -8292.91, 551.423, 99.9355, 0.687248, 0, 0, 0.336902, 0.94154, 25, 0, 1),
(111801, 301234, 0, 1, -8305.04, 570.39, 99.6022, 0.522299, 0, 0, 0.258191, 0.966094, 25, 0, 1),
(111802, 301224, 0, 1, -8288.9, 558.441, 105.389, 5.42789, 0, 0, 0.41473, -0.909944, 25, 0, 1),
(111803, 301224, 0, 1, -8288.14, 557.341, 105.723, 5.38077, 0, 0, 0.436053, -0.899921, 25, 0, 1),
(111804, 301234, 0, 1, -8303.7, 572.911, 99.6324, 5.48995, 0, 0, 0.386302, -0.922372, 25, 0, 1),
(111805, 301234, 0, 1, -8333.79, 549.557, 99.6645, 4.90245, 0, 0, 0.636819, -0.771013, 25, 0, 1),
(111806, 301234, 0, 1, -8330.32, 550.292, 99.6027, 4.64328, 0, 0, 0.731114, -0.682255, 25, 0, 1),
(111807, 301207, 0, 1, -8305.56, 538.238, 101.134, 5.45325, 0, 0, 0.403162, -0.915129, 25, 0, 1),
(111808, 301207, 0, 1, -8299, 543.455, 101.134, 5.44536, 0, 0, 0.406767, -0.913532, 25, 0, 1),
(111809, 301207, 0, 1, -8288.07, 552.152, 101.134, 5.44536, 0, 0, 0.406767, -0.913532, 25, 0, 1),
(111810, 301207, 0, 1, -8293.96, 547.466, 101.134, 5.44536, 0, 0, 0.406767, -0.913532, 25, 0, 1),
(111811, 301227, 0, 1, -8315.71, 558.713, 99.6026, 3.81297, 0, 0, 0.944184, -0.329419, 25, 0, 1),
(111812, 301227, 0, 1, -8318.78, 552.593, 99.6026, 3.82083, 0, 0, 0.942883, -0.333125, 25, 0, 1),
(111813, 301227, 0, 1, -8321.11, 533.698, 99.9371, 3.81, 0, 0, 0.944672, -0.328016, 25, 0, 1),
(111814, 301227, 0, 1, -8312.75, 535.529, 99.9368, 3.81, 0, 0, 0.944672, -0.328015, 25, 0, 1),
(111815, 301227, 0, 1, -8316.69, 532.673, 99.9362, 3.80608, 0, 0, 0.945314, -0.326163, 25, 0, 1),
(111816, 301227, 0, 1, -8318.89, 530.95, 99.9362, 3.82571, 0, 0, 0.942066, -0.335427, 25, 0, 1),
(111817, 301227, 0, 1, -8296.71, 552.522, 99.9362, 0.679396, 0, 0, 0.333203, 0.942855, 25, 0, 1),
(111818, 301227, 0, 1, -8310.27, 559.105, 99.6019, 3.80433, 0, 0, 0.945598, -0.325338, 25, 0, 1),
(111819, 301227, 0, 1, -8312.39, 557.319, 99.6019, 3.82882, 0, 0, 0.941544, -0.336891, 25, 0, 1),
(111820, 301227, 0, 1, -8314.7, 534.233, 99.9364, 3.80608, 0, 0, 0.945314, -0.326163, 25, 0, 1),
(111821, 301227, 0, 1, -8295.19, 553.746, 99.936, 0.679396, 0, 0, 0.333203, 0.942855, 25, 0, 1),
(111822, 301227, 0, 1, -8314.53, 555.814, 99.6019, 3.80368, 0, 0, 0.945704, -0.32503, 25, 0, 1),
(111823, 301224, 0, 1, -8287.36, 556.976, 106.057, 5.49073, 0, 0, 0.385941, -0.922523, 25, 0, 1),
(111824, 301227, 0, 1, -8317.04, 536.906, 99.9357, 3.81, 0, 0, 0.944672, -0.328016, 25, 0, 1),
(111825, 301227, 0, 1, -8315.03, 538.497, 99.9357, 3.81, 0, 0, 0.944672, -0.328016, 25, 0, 1),
(111826, 301227, 0, 1, -8319.13, 535.258, 99.9357, 3.81, 0, 0, 0.944672, -0.328016, 25, 0, 1),
(111827, 301227, 0, 1, -8311.86, 553.051, 99.6027, 3.81785, 0, 0, 0.943377, -0.331723, 25, 0, 1),
(111828, 301227, 0, 1, -8316.55, 554.239, 99.6019, 3.80761, 0, 0, 0.945064, -0.326886, 25, 0, 1),
(111829, 301227, 0, 1, -8309.76, 554.912, 99.6019, 3.86651, 0, 0, 0.935028, -0.354575, 25, 0, 1),
(111830, 301227, 0, 1, -8313.95, 551.373, 99.6025, 3.81785, 0, 0, 0.943377, -0.331723, 25, 0, 1),
(111831, 301234, 0, 1, -8327.98, 584.729, 101.134, 2.29652, 0, 0, 0.912051, 0.410077, 25, 0, 1),
(111832, 301237, 0, 1, -8327.46, 556.809, 111.894, 4.42033, 0, 0, 0.802471, -0.59669, 25, 0, 1),
(111833, 301237, 0, 1, -8326.18, 569.162, 111.909, 4.3418, 0, 0, 0.825276, -0.56473, 25, 0, 1),
(111834, 301237, 0, 1, -8316.52, 560.696, 111.935, 0.917468, 0, 0, 0.442813, 0.896614, 25, 0, 1),
(111835, 301237, 0, 1, -8307.76, 566.308, 110.991, 2.20552, 0, 0, 0.892456, 0.451134, 25, 0, 1),
(111836, 301237, 0, 1, -8315.39, 564.411, 111.788, 0.874271, 0, 0, 0.423346, 0.905968, 25, 0, 1),
(111837, 301237, 0, 1, -8324.59, 570.341, 111.934, 0.999935, 0, 0, 0.479397, 0.877598, 25, 0, 1),
(111838, 301227, 0, 1, -8318.08, 556.907, 99.6024, 3.79334, 0, 0, 0.947371, -0.320138, 25, 0, 1),
(111839, 301224, 0, 1, -8292.83, 552.022, 107.429, 4.02835, 0, 0, 0.903308, -0.428993, 25, 0, 1),
(111840, 301227, 0, 1, -8312.08, 561.906, 99.6022, 3.82476, 0, 0, 0.942226, -0.334979, 25, 0, 1),
(111841, 301227, 0, 1, -8313.71, 560.304, 99.6022, 3.80905, 0, 0, 0.944828, -0.327568, 25, 0, 1),
(111842, 301227, 0, 1, -8320.48, 554.998, 99.6022, 3.8169, 0, 0, 0.943534, -0.331276, 25, 0, 1),
(111843, 301239, 0, 1, -8299.14, 554.029, 99.936, 5.37607, 0, 0, 0.438166, -0.898894, 25, 0, 1),
(111844, 301239, 0, 1, -8298.04, 555.218, 99.9365, 5.34858, 0, 0, 0.450479, -0.892787, 25, 0, 1),
(111845, 301239, 0, 1, -8296.78, 556.303, 99.9365, 5.30146, 0, 0, 0.471387, -0.881926, 25, 0, 1),
(111846, 301239, 0, 1, -8295.38, 557.323, 99.9365, 5.34466, 0, 0, 0.452231, -0.891901, 25, 0, 1),
(111847, 301239, 0, 1, -8293.81, 558.284, 99.9366, 5.38392, 0, 0, 0.434632, -0.900608, 25, 0, 1),
(111848, 301239, 0, 1, -8292.64, 559.137, 99.9356, 5.39963, 0, 0, 0.427546, -0.903993, 25, 0, 1),
(111849, 301239, 0, 1, -8291.31, 560.197, 100.612, 5.29753, 0, 0, 0.473118, -0.880999, 25, 0, 1),
(111850, 301239, 0, 1, -8290.43, 560.838, 101.133, 5.34465, 0, 0, 0.452232, -0.891901, 25, 0, 1),
(111851, 301239, 0, 1, -8299.62, 552.802, 99.9358, 0.607126, 0, 0, 0.298922, 0.954278, 25, 0, 1),
(111852, 301239, 0, 1, -8298.73, 551.943, 99.9358, 0.607126, 0, 0, 0.298922, 0.954278, 25, 0, 1),
(111853, 301239, 0, 1, -8298.01, 550.621, 99.9362, 0.595345, 0, 0, 0.293296, 0.956022, 25, 0, 1),
(111854, 301239, 0, 1, -8297.17, 549.619, 99.9362, 0.660529, 0, 0, 0.324293, 0.945957, 25, 0, 1),
(111855, 301239, 0, 1, -8333.82, 608.103, 99.6023, 2.31446, 0, 0, 0.915693, 0.401879, 25, 0, 1),
(111856, 301220, 0, 1, -8311.57, 560.811, 100.607, 0.601632, 0, 0, 0.2963, 0.955095, 25, 0, 1),
(111857, 301220, 0, 1, -8321.03, 555.278, 100.593, 3.90423, 0, 0, 0.928175, -0.372145, 25, 0, 1),
(111858, 301220, 0, 1, -8321.05, 564.391, 100.595, 2.28788, 0, 0, 0.910272, 0.414011, 25, 0, 1),
(111859, 301209, 0, 1, -8308.5, 556.906, 99.6024, 3.27514, 0, 0, 0.997772, -0.0667225, 25, 0, 1),
(111860, 301209, 0, 1, -8316.54, 550.92, 99.6027, 1.17812, 0, 0, 0.555581, 0.831463, 25, 0, 1),
(111861, 301211, 0, 1, -8320.49, 558.35, 99.6026, 5.37606, 0, 0, 0.438169, -0.898893, 25, 0, 1),
(111862, 301211, 0, 1, -8317.62, 550.144, 99.6027, 2.56827, 0, 0, 0.959193, 0.282754, 25, 0, 1),
(111863, 301211, 0, 1, -8307.53, 558.014, 99.8626, 2.25411, 0, 0, 0.903151, 0.429323, 25, 0, 1),
(111864, 301204, 0, 1, -8313.25, 564.594, 99.6022, 5.37999, 0, 0, 0.436402, -0.899752, 25, 0, 1),
(111865, 301204, 0, 1, -8321.87, 557.314, 99.6026, 5.36428, 0, 0, 0.443457, -0.896296, 25, 0, 1),
(111866, 301239, 0, 1, -8334.51, 607.61, 99.6023, 2.22806, 0, 0, 0.897484, 0.441047, 25, 0, 1),
(111867, 301239, 0, 1, -8335.77, 606.645, 99.6023, 2.23199, 0, 0, 0.898348, 0.439284, 25, 0, 1),
(111868, 301221, 0, 1, -8312.94, 548.558, 99.9361, 2.22191, 0, 0, 0.896123, 0.443806, 25, 0, 1),
(111869, 301221, 0, 1, -8307.7, 553.509, 100.048, 2.23369, 0, 0, 0.898722, 0.43852, 25, 0, 1),
(111870, 301221, 0, 1, -8311.19, 550.593, 100.176, 2.28867, 0, 0, 0.910435, 0.413652, 25, 0, 1),
(111871, 301221, 0, 1, -8309.17, 552.044, 99.9707, 2.28867, 0, 0, 0.910435, 0.413652, 25, 0, 1),
(111872, 301221, 0, 1, -8308.05, 559.547, 99.6031, 3.8791, 0, 0, 0.932777, -0.360454, 25, 0, 1),
(111873, 301221, 0, 1, -8309.33, 561.584, 99.8784, 3.87517, 0, 0, 0.933483, -0.358622, 25, 0, 1),
(111874, 301221, 0, 1, -8311.43, 564.248, 99.6023, 3.78093, 0, 0, 0.94934, -0.314251, 25, 0, 1),
(111875, 301221, 0, 1, -8319.45, 550.008, 99.6029, 0.600057, 0, 0, 0.295547, 0.955328, 25, 0, 1),
(111876, 301221, 0, 1, -8321.28, 552.315, 99.602, 0.611838, 0, 0, 0.30117, 0.953571, 25, 0, 1),
(111877, 301221, 0, 1, -8323.03, 555.145, 99.9794, 0.615765, 0, 0, 0.303041, 0.952977, 25, 0, 1),
(111878, 301209, 0, 1, -8322.19, 553.629, 99.6025, 0.628335, 0, 0, 0.309025, 0.951054, 25, 0, 1),
(111879, 301209, 0, 1, -8308.79, 560.478, 99.6025, 3.80527, 0, 0, 0.945445, -0.325782, 25, 0, 1),
(111880, 301211, 0, 1, -8320.54, 551.4, 99.6026, 0.561572, 0, 0, 0.277111, 0.960838, 25, 0, 1),
(111881, 301211, 0, 1, -8310.38, 562.996, 99.6027, 3.75422, 0, 0, 0.953452, -0.301546, 25, 0, 1),
(111882, 301231, 0, 1, -8296.5, 553.304, 100.939, 3.81627, 0, 0, 0.943639, -0.330977, 25, 0, 1),
(111883, 301231, 0, 1, -8314.61, 536.157, 100.927, 2.28474, 0, 0, 0.909621, 0.415439, 25, 0, 1),
(111884, 301216, 0, 1, -8292.14, 555.853, 100.934, 3.60814, 0, 0, 0.972915, -0.231163, 25, 0, 1),
(111885, 301205, 0, 1, -8338.6, 572.764, 99.6022, 5.40276, 0, 0, 0.426131, -0.904661, 25, 0, 1),
(111886, 301205, 0, 1, -8337.61, 572.968, 99.6027, 5.25276, 0, 0, 0.492722, -0.870187, 25, 0, 1),
(111887, 301205, 0, 1, -8339.59, 570.487, 99.6023, 0.819971, 0, 0, 0.398596, 0.917127, 25, 0, 1),
(111888, 301205, 0, 1, -8338.63, 571.71, 99.6021, 5.18207, 0, 0, 0.523162, -0.852233, 25, 0, 1),
(111889, 301205, 0, 1, -8337.08, 573.919, 99.6021, 5.4067, 0, 0, 0.42435, -0.905498, 25, 0, 1),
(111890, 301205, 0, 1, -8340.85, 571.079, 99.6025, 5.32423, 0, 0, 0.461317, -0.887236, 25, 0, 1),
(111891, 301210, 0, 1, -8334.92, 575.699, 101.116, 3.79349, 0, 0, 0.947347, -0.320208, 25, 0, 1),
(111892, 301210, 0, 1, -8342.51, 569.694, 101.116, 3.76286, 0, 0, 0.95214, -0.305662, 25, 0, 1),
(111893, 301210, 0, 1, -8341.92, 591.63, 99.6027, 2.21012, 0, 0, 0.893492, 0.449079, 25, 0, 1),
(111894, 301206, 0, 1, -8322.13, 582.325, 100.894, 0.171235, 0, 0, 0.0855132, 0.996337, 25, 0, 1),
(111895, 301206, 0, 1, -8321.75, 582.437, 100.894, 1.16084, 0, 0, 0.548374, 0.836233, 25, 0, 1),
(111896, 301206, 0, 1, -8320.7, 574.936, 100.894, 1.46322, 0, 0, 0.668067, 0.744101, 25, 0, 1),
(111897, 301206, 0, 1, -8334, 574.118, 101.116, 5.29989, 0, 0, 0.47208, -0.881555, 25, 0, 1),
(111898, 301206, 0, 1, -8332.73, 572.811, 101.116, 5.37057, 0, 0, 0.440638, -0.897685, 25, 0, 1),
(111899, 301206, 0, 1, -8331.75, 571.254, 101.116, 5.24883, 0, 0, 0.494428, -0.869219, 25, 0, 1),
(111900, 301206, 0, 1, -8330.55, 569.665, 101.116, 5.35879, 0, 0, 0.445918, -0.895074, 25, 0, 1),
(111901, 301206, 0, 1, -8332.33, 568.297, 101.116, 3.79192, 0, 0, 0.947599, -0.319463, 25, 0, 1),
(111902, 301206, 0, 1, -8333.62, 567.195, 101.116, 3.85082, 0, 0, 0.93778, -0.34723, 25, 0, 1),
(111903, 301206, 0, 1, -8334.99, 565.909, 101.116, 3.89009, 0, 0, 0.930782, -0.365575, 25, 0, 1),
(111904, 301206, 0, 1, -8336.09, 564.889, 101.116, 3.89009, 0, 0, 0.930782, -0.365575, 25, 0, 1),
(111905, 301206, 0, 1, -8337.8, 563.981, 101.116, 3.19894, 0, 0, 0.999589, -0.028671, 25, 0, 1),
(111906, 301206, 0, 1, -8339.35, 565.741, 101.116, 2.18185, 0, 0, 0.887055, 0.461664, 25, 0, 1),
(111907, 301206, 0, 1, -8340.91, 567.821, 101.116, 2.26039, 0, 0, 0.904496, 0.426483, 25, 0, 1),
(111908, 301203, 0, 1, -8330.66, 569.616, 101.116, 5.3093, 0, 0, 0.467927, -0.883767, 25, 0, 1),
(111909, 301203, 0, 1, -8337.82, 563.924, 101.116, 3.7385, 0, 0, 0.955792, -0.294045, 25, 0, 1),
(111910, 301206, 0, 1, -8312.4, 574.771, 100.894, 1.09565, 0, 0, 0.52083, 0.85366, 25, 0, 1),
(111911, 301206, 0, 1, -8327.08, 563.604, 100.894, 4.121, 0, 0, 0.882472, -0.470365, 25, 0, 1),
(111912, 301206, 0, 1, -8330.76, 556.251, 100.894, 2.05933, 0, 0, 0.857127, 0.515105, 25, 0, 1),
(111913, 301213, 0, 1, -8313.41, 582.964, 100.72, 0.633048, 0, 0, 0.311265, 0.950323, 25, 0, 1),
(111914, 301213, 0, 1, -8341.15, 561.016, 100.72, 3.45656, 0, 0, 0.987625, -0.156834, 25, 0, 1),
(111915, 301230, 0, 1, -8313.32, 550.438, 100.605, 0.735161, 0, 0, 0.359359, 0.9332, 25, 0, 1),
(111916, 301202, 0, 1, -8311.91, 559.767, 100.627, 2.26488, 0, 0, 0.905452, 0.42445, 25, 0, 1),
(111917, 301230, 0, 1, -8320.06, 553.154, 100.619, 2.196, 0, 0, 0.890299, 0.455377, 25, 0, 1),
(111918, 301230, 0, 1, -8310.01, 555.227, 100.592, 3.76931, 0, 0, 0.951149, -0.308733, 25, 0, 1),
(111919, 301230, 0, 1, -8314.13, 551.925, 100.593, 3.85536, 0, 0, 0.936989, -0.349358, 25, 0, 1),
(111920, 301230, 0, 1, -8316.48, 552.814, 100.615, 2.24451, 0, 0, 0.901082, 0.433649, 25, 0, 1),
(111921, 301228, 0, 1, -8314.29, 556.404, 100.592, 2.23323, 0, 0, 0.898621, 0.438726, 25, 0, 1),
(111922, 301210, 0, 1, -8309.28, 558.521, 100.598, 5.40435, 0, 0, 0.425413, -0.904999, 25, 0, 1),
(111923, 301230, 0, 1, -8309.07, 553.778, 100.608, 0.668402, 0, 0, 0.328015, 0.944673, 25, 0, 1),
(111924, 301230, 0, 1, -8310.77, 557.532, 100.619, 5.3244, 0, 0, 0.461239, -0.887276, 25, 0, 1),
(111925, 301230, 0, 1, -8311.16, 552.207, 100.602, 0.691964, 0, 0, 0.339121, 0.940743, 25, 0, 1),
(111926, 301202, 0, 1, -8318.42, 554.77, 100.592, 2.25601, 0, 0, 0.903559, 0.428464, 25, 0, 1),
(111927, 301230, 0, 1, -8310.48, 561.044, 100.599, 2.28923, 0, 0, 0.910551, 0.413396, 25, 0, 1),
(111928, 301210, 0, 1, -8321.27, 555.655, 100.593, 3.79821, 0, 0, 0.946588, -0.322444, 25, 0, 1),
(111929, 301210, 0, 1, -8312.49, 563.035, 100.593, 0.69589, 0, 0, 0.340967, 0.940075, 25, 0, 1),
(111930, 301220, 0, 1, -8318.19, 551.549, 100.606, 5.40828, 0, 0, 0.423635, -0.905833, 25, 0, 1),
(111931, 301202, 0, 1, -8312.13, 553.698, 100.593, 3.81957, 0, 0, 0.943092, -0.332533, 25, 0, 1),
(111932, 301210, 0, 1, -8318.19, 551.638, 100.605, 3.80606, 0, 0, 0.945315, -0.326157, 25, 0, 1),
(111933, 301225, 0, 1, -8323.03, 536.208, 99.9357, 5.28182, 0, 0, 0.480024, -0.877255, 25, 0, 1),
(111934, 301225, 0, 1, -8320, 538.001, 99.9357, 0.442199, 0, 0, 0.219302, 0.975657, 25, 0, 1),
(111935, 301225, 0, 1, -8317.07, 540.332, 99.9357, 6.26357, 0, 0, 0.00980734, -0.999952, 25, 0, 1),
(111936, 301225, 0, 1, -8317.96, 538.247, 100.926, 4.96609, 0, 0, 0.611968, -0.790883, 25, 0, 1),
(111937, 301225, 0, 1, -8320.91, 535.595, 100.928, 1.97137, 0, 0, 0.83365, 0.552293, 25, 0, 1),
(111938, 301226, 0, 1, -8318.46, 539.391, 99.9361, 5.25433, 0, 0, 0.492036, -0.870575, 25, 0, 1),
(111939, 301226, 0, 1, -8321.29, 537.146, 99.9361, 5.33287, 0, 0, 0.457479, -0.889221, 25, 0, 1),
(111940, 301223, 0, 1, -8316.08, 541.177, 99.9359, 5.36114, 0, 0, 0.444863, -0.895599, 25, 0, 1),
(111941, 301223, 0, 1, -8316.05, 539.536, 100.926, 3.73144, 0, 0, 0.956824, -0.290669, 25, 0, 1),
(111942, 301223, 0, 1, -8319.99, 536.571, 100.926, 3.7982, 0, 0, 0.94659, -0.32244, 25, 0, 1),
(111943, 301223, 0, 1, -8322.37, 534.72, 100.927, 3.80213, 0, 0, 0.945955, -0.324298, 25, 0, 1),
(111944, 301224, 0, 1, -8314.73, 534.119, 106.533, 0.655013, 0, 0, 0.321683, 0.946847, 25, 0, 1),
(111945, 301224, 0, 1, -8304.1, 543.298, 106.756, 0.827801, 0, 0, 0.402183, 0.915559, 25, 0, 1),
(111946, 301232, 0, 1, -8310.04, 542.718, 99.936, 0.653087, 0, 0, 0.320771, 0.947157, 25, 0, 1),
(111947, 301232, 0, 1, -8308.19, 548.436, 99.9363, 2.20048, 0, 0, 0.891316, 0.453382, 25, 0, 1),
(111948, 301232, 0, 1, -8302.39, 548.957, 99.936, 3.82531, 0, 0, 0.942133, -0.335239, 25, 0, 1),
(111949, 301232, 0, 1, -8309.22, 545.731, 99.9371, 2.92484, 0, 0, 0.994133, 0.108164, 25, 0, 1),
(111950, 301232, 0, 1, -8305.39, 549.315, 99.9371, 1.464, 0, 0, 0.668359, 0.743839, 25, 0, 1),
(111951, 301217, 0, 1, -8350.32, 613.242, 98.7718, 5.64622, 0, 0, 0.313127, -0.949711, 25, 0, 1),
(111952, 301217, 0, 1, -8351.67, 614.532, 98.0331, 5.64229, 0, 0, 0.314991, -0.949095, 25, 0, 1),
(111953, 301217, 0, 1, -8353.11, 615.853, 97.2626, 5.56378, 0, 0, 0.351998, -0.936001, 25, 0, 1),
(111954, 301201, 0, 1, -8339.24, 627.384, 97.1067, 5.5625, 0, 0, 0.351998, -0.936001, 25, 0, 1),
(111955, 301241, 0, 1, -8335.72, 608.591, 98, 2.30278, 0, 0, 0.913331, 0.407217, 25, 0, 1);

/*
#######################################
#          GAMEOBJECT_TEMPLATE
#######################################
*/

REPLACE INTO `gameobject_template` 
(`entry`,`type`,`displayId`,`name`, `IconName`,`castBarCaption`, `unk1`,`faction`,`flags`,`size`, `QuestItem1`, `QuestItem2`, `QuestItem3`, `QuestItem4`, `QuestItem5`, `QuestItem6`,`data0`,`data1`,`data2`,`data3`,`data4`,`data5`,`data6`,`data7`,`data8`,`data9`,`data10`,`data11`,`data12`,`data13`,`data14`,`data15`,`data16`,`data17`,`data18`,`data19`,`data20`,`data21`,`data22`,`data23`, `AIName`, `ScriptName`, `WDBVerified`) 
VALUES 

(301200, 0, 6702, "", "", "", "", 0, 34, 0.8, 0, 0, 0, 0, 0, 0, 1700, 1700, 327680, 0, 0, 0, 0, 0, 0, 0, 0, 0, 0, 0, 0, 0, 0, 0, 0, 0, 0, 0, 0, 0, 0, "", 0),
(301201, 5, 4095, "", "", "", "", 0, 0, 0.7, 0, 0, 0, 0, 0, 0, 0, 0, 0, 0, 0, 0, 0, 0, 0, 0, 0, 0, 0, 0, 0, 0, 0, 0, 0, 0, 0, 0, 0, 0,0, "", 0),
(301202, 5, 159, "", "", "", "", 0, 0, 1, 0, 0, 0, 0, 0, 0, 0, 0, 0, 0, 0, 0, 0, 0, 0, 0, 0, 0, 0, 0, 0, 0, 0, 0, 0, 0, 0, 0, 0, 0,0, "", 0),
(301203, 5, 194, "", "", "", "", 0, 0, 1, 0, 0, 0, 0, 0, 0, 0, 0, 0, 0, 0, 0, 0, 0, 0, 0, 0, 0, 0, 0, 0, 0, 0, 0, 0, 0, 0, 0, 0, 0,0, "", 0),
(301204, 5, 266, "", "", "", "", 0, 0, 1, 0, 0, 0, 0, 0, 0, 0, 0, 0, 0, 0, 0, 0, 0, 0, 0, 0, 0, 0, 0, 0, 0, 0, 0, 0, 0, 0, 0, 0, 0,0, "", 0),
(301205, 5, 334, "", "", "", "", 0, 0, 1, 0, 0, 0, 0, 0, 0, 0, 0, 0, 0, 0, 0, 0, 0, 0, 0, 0, 0, 0, 0, 0, 0, 0, 0, 0, 0, 0, 0, 0, 0,0, "", 0),
(301206, 5, 397, "", "", "", "", 0, 0, 1, 0, 0, 0, 0, 0, 0, 0, 0, 0, 0, 0, 0, 0, 0, 0, 0, 0, 0, 0, 0, 0, 0, 0, 0, 0, 0, 0, 0, 0, 0, 0, "", 0),
(301207, 5, 1213, "", "", "", "", 0, 0, 1, 0, 0, 0, 0, 0, 0, 0, 0, 0, 0, 0, 0, 0, 0, 0, 0, 0, 0, 0, 0, 0, 0, 0, 0, 0, 0, 0, 0, 0, 0, 0, "", 0),
(301208, 5, 2490, "", "", "", "", 0, 0, 1, 0, 0, 0, 0, 0, 0, 0, 0, 0, 0, 0, 0, 0, 0, 0, 0, 0, 0, 0, 0, 0, 0, 0, 0, 0, 0, 0, 0, 0, 0, 0, "", 0),
(301209, 5, 2234, "", "", "", "", 0, 0, 1, 0, 0, 0, 0, 0, 0, 0, 0, 0, 0, 0, 0, 0, 0, 0, 0, 0, 0, 0, 0, 0, 0, 0, 0, 0, 0, 0, 0, 0, 0, 0, "", 0),
(301210, 5, 2570, "", "", "", "", 0, 0, 1, 0, 0, 0, 0, 0, 0, 0, 0, 0, 0, 0, 0, 0, 0, 0, 0, 0, 0, 0, 0, 0, 0, 0, 0, 0, 0, 0, 0, 0, 0, 0, "", 0),
(301211, 5, 2473, "", "", "", "", 0, 0, 1, 0, 0, 0, 0, 0, 0, 0, 0, 0, 0, 0, 0, 0, 0, 0, 0, 0, 0, 0, 0, 0, 0, 0, 0, 0, 0, 0, 0, 0, 0, 0, "", 0),
(301212, 5, 331, "", "", "", "", 0, 0, 1, 0, 0, 0, 0, 0, 0, 0, 0, 0, 0, 0, 0, 0, 0, 0, 0, 0, 0, 0, 0, 0, 0, 0, 0, 0, 0, 0, 0, 0, 0, 0, "", 0),
(301213, 5, 3074, "", "", "", "", 0, 0, 1, 0, 0, 0, 0, 0, 0, 0, 0, 0, 0, 0, 0, 0, 0, 0, 0, 0, 0, 0, 0, 0, 0, 0, 0, 0, 0, 0, 0, 0, 0, 0, "", 0),
(301214, 7, 91, "", "", "", "", 0, 0, 1, 0, 0, 0, 0, 0, 0, 0, 0, 0, 0, 0, 0, 0, 0, 0, 0, 0, 0, 0, 0, 0, 0, 0, 0, 0, 0, 0, 0, 0, 0, 0, "", 0),
(301215, 5, 3152, "", "", "", "", 0, 0, 1, 0, 0, 0, 0, 0, 0, 0, 0, 0, 0, 0, 0, 0, 0, 0, 0, 0, 0, 0, 0, 0, 0, 0, 0, 0, 0, 0, 0, 0, 0, 0, "", 0),
(301216, 7, 4091, "", "", "", "", 0, 0, 1, 0, 0, 0, 0, 0, 0, 0, 0, 0, 0, 0, 0, 0, 0, 0, 0, 0, 0, 0, 0, 0, 0, 0, 0, 0, 0, 0, 0, 0, 0, 0, "", 0),
(301217, 5, 4095, "", "", "", "", 0, 0, 1, 0, 0, 0, 0, 0, 0, 0, 0, 0, 0, 0, 0, 0, 0, 0, 0, 0, 0, 0, 0, 0, 0, 0, 0, 0, 0, 0, 0, 0, 0, 0, "", 0),
(301218, 5, 4271, "", "", "", "", 0, 0, 1, 0, 0, 0, 0, 0, 0, 0, 0, 0, 0, 0, 0, 0, 0, 0, 0, 0, 0, 0, 0, 0, 0, 0, 0, 0, 0, 0, 0, 0, 0, 0, "", 0),
(301219, 5, 4676, "", "", "", "", 0, 0, 1, 0, 0, 0, 0, 0, 0, 0, 0, 0, 0, 0, 0, 0, 0, 0, 0, 0, 0, 0, 0, 0, 0, 0, 0, 0, 0, 0, 0, 0, 0, 0, "", 0),
(301220, 5, 3271, "", "", "", "", 0, 0, 1, 0, 0, 0, 0, 0, 0, 0, 0, 0, 0, 0, 0, 0, 0, 0, 0, 0, 0, 0, 0, 0, 0, 0, 0, 0, 0, 0, 0, 0, 0, 0, "", 0),
(301221, 5, 298, "", "", "", "", 0, 0, 0.7, 0, 0, 0, 0, 0, 0, 0, 0, 0, 0, 0, 0, 0, 0, 0, 0, 0, 0, 0, 0, 0, 0, 0, 0, 0, 0, 0, 0, 0, 0, 0, "", 0),
(301222, 5, 5113, "", "", "", "", 0, 0, 1, 0, 0, 0, 0, 0, 0, 0, 0, 0, 0, 0, 0, 0, 0, 0, 0, 0, 0, 0, 0, 0, 0, 0, 0, 0, 0, 0, 0, 0, 0, 0, "", 0),
(301223, 5, 3612, "", "", "", "", 0, 0, 1, 0, 0, 0, 0, 0, 0, 0, 0, 0, 0, 0, 0, 0, 0, 0, 0, 0, 0, 0, 0, 0, 0, 0, 0, 0, 0, 0, 0, 0, 0, 0, "", 0),
(301224, 5, 5411, "", "", "", "", 0, 0, 1, 0, 0, 0, 0, 0, 0, 0, 0, 0, 0, 0, 0, 0, 0, 0, 0, 0, 0, 0, 0, 0, 0, 0, 0, 0, 0, 0, 0, 0, 0, 0, "", 0),
(301225, 5, 264, "", "", "", "", 0, 0, 1, 0, 0, 0, 0, 0, 0, 0, 0, 0, 0, 0, 0, 0, 0, 0, 0, 0, 0, 0, 0, 0, 0, 0, 0, 0, 0, 0, 0, 0, 0, 0, "", 0),
(301226, 5, 1310, "", "", "", "", 0, 0, 1, 0, 0, 0, 0, 0, 0, 0, 0, 0, 0, 0, 0, 0, 0, 0, 0, 0, 0, 0, 0, 0, 0, 0, 0, 0, 0, 0, 0, 0, 0, 0, "", 0),
(301227, 5, 221, "", "", "", "", 0, 0, 1, 0, 0, 0, 0, 0, 0, 0, 0, 0, 0, 0, 0, 0, 0, 0, 0, 0, 0, 0, 0, 0, 0, 0, 0, 0, 0, 0, 0, 0, 0, 0, "", 0),
(301228, 5, 159, "", "", "", "", 0, 0, 1, 0, 0, 0, 0, 0, 0, 0, 0, 0, 0, 0, 0, 0, 0, 0, 0, 0, 0, 0, 0, 0, 0, 0, 0, 0, 0, 0, 0, 0, 0, 0, "", 0),
(301229, 5, 6671, "", "", "", "", 0, 0, 1, 0, 0, 0, 0, 0, 0, 0, 0, 0, 0, 0, 0, 0, 0, 0, 0, 0, 0, 0, 0, 0, 0, 0, 0, 0, 0, 0, 0, 0, 0, 0, "", 0),
(301230, 5, 6360, "", "", "", "", 0, 0, 1, 0, 0, 0, 0, 0, 0, 0, 0, 0, 0, 0, 0, 0, 0, 0, 0, 0, 0, 0, 0, 0, 0, 0, 0, 0, 0, 0, 0, 0, 0, 0, "", 0),
(301231, 5, 6850, "", "", "", "", 0, 0, 1, 0, 0, 0, 0, 0, 0, 0, 0, 0, 0, 0, 0, 0, 0, 0, 0, 0, 0, 0, 0, 0, 0, 0, 0, 0, 0, 0, 0, 0, 0, 0, "", 0),
(301232, 5, 6613, "", "", "", "", 0, 0, 1, 0, 0, 0, 0, 0, 0, 0, 0, 0, 0, 0, 0, 0, 0, 0, 0, 0, 0, 0, 0, 0, 0, 0, 0, 0, 0, 0, 0, 0, 0, 0, "", 0),
(301233, 5, 7148, "", "", "", "", 0, 0, 1, 0, 0, 0, 0, 0, 0, 0, 0, 0, 0, 0, 0, 0, 0, 0, 0, 0, 0, 0, 0, 0, 0, 0, 0, 0, 0, 0, 0, 0, 0, 0, "", 0),
(301234, 5, 7160, "", "", "", "", 0, 0, 1, 0, 0, 0, 0, 0, 0, 0, 0, 0, 0, 0, 0, 0, 0, 0, 0, 0, 0, 0, 0, 0, 0, 0, 0, 0, 0, 0, 0, 0, 0, 0, "", 0),
(301235, 5, 5773, "", "", "", "", 0, 0, 1, 0, 0, 0, 0, 0, 0, 0, 0, 0, 0, 0, 0, 0, 0, 0, 0, 0, 0, 0, 0, 0, 0, 0, 0, 0, 0, 0, 0, 0, 0, 0, "", 0),
(301236, 5, 5771, "", "", "", "", 0, 0, 1, 0, 0, 0, 0, 0, 0, 0, 0, 0, 0, 0, 0, 0, 0, 0, 0, 0, 0, 0, 0, 0, 0, 0, 0, 0, 0, 0, 0, 0, 0, 0, "", 0),
(301237, 0, 7183, "", "", "", "", 0, 0, 2, 0, 0, 0, 0, 0, 0, 0, 0, 0, 0, 0, 0, 0, 0, 0, 0, 0, 0, 0, 0, 0, 0, 0, 0, 0, 0, 0, 0, 0, 0, 0, "", 0),
(301238, 5, 7095, "", "", "", "", 0, 0, 1, 0, 0, 0, 0, 0, 0, 0, 0, 0, 0, 0, 0, 0, 0, 0, 0, 0, 0, 0, 0, 0, 0, 0, 0, 0, 0, 0, 0, 0, 0, 0, "", 0),
(301239, 5, 6905, "", "", "", "", 0, 0, 1, 0, 0, 0, 0, 0, 0, 0, 0, 0, 0, 0, 0, 0, 0, 0, 0, 0, 0, 0, 0, 0, 0, 0, 0, 0, 0, 0, 0, 0, 0, 0, "", 0),
(301240, 5, 7293, "", "", "", "", 0, 0, 1, 0, 0, 0, 0, 0, 0, 0, 0, 0, 0, 0, 0, 0, 0, 0, 0, 0, 0, 0, 0, 0, 0, 0, 0, 0, 0, 0, 0, 0, 0, 0, "", 0),
(301241, 5, 7314, "Discothèque de l'Alliance", "", 0, 0, 2, 1, 1, 0, 0, 0, 0, 0, 0, 0, 0, 0, 0, 0, 0, 0, 0, 0, 0, 0, 0, 0, 0, 0, 0, 0, 0, 0, 0, 0, 0, 0, 0, 0, "", 0);

/*
#######################################
#                                          CREATURE
#######################################
*/

REPLACE INTO `creature` 
(`guid`,`id`,`map`,`spawnMask`, `PhaseMask`,`modelid`,`equipment_id`,`position_x`,`position_y`,`position_z`,`orientation`,`spawntimesecs`,`spawndist`,`currentwaypoint`,`curhealth`,`curmana`,`DeathState`,`MovementType`)
VALUES 

(106000, 99113, 0, 1, 0, 0, 0, -8307.79, 548.34, 100.649, 2.01083, 25, 0, 0, 1900000, 338700, 0, 0),
(106001, 99114, 0, 1, 0, 0, 0, -8305.12, 549.351, 100.651, 2.19933, 25, 0, 0, 1900000, 338700, 0, 0),
(106002, 14844, 0, 1, 0, 0, 0, -8333.09, 569.842, 99.6025, 6.15337, 25, 0, 0, 2900, 0, 0, 0),
(106003, 14844, 0, 1, 0, 0, 0, -8337.6, 565.725, 99.6025, 4.80641, 25, 0, 0, 2900, 0, 0, 0),
(106004, 99116, 0, 1, 0, 0, 0, -8342.67, 586.99, 99.6022, 0.683316, 25, 0, 0, 5500, 0, 0, 0),
(106005, 99110, 0, 1, 0, 0, 0, -8302.69, 548.852, 100.649, 2.25018, 25, 0, 0, 1900000, 338700, 0, 0),
(106006, 99111, 0, 1, 0, 0, 0, -8305.53, 544.963, 99.936, 2.24645, 25, 0, 0, 1900000, 338700, 0, 0),
(106007, 99115, 0, 1, 0, 0, 0, -8309.28, 545.952, 100.65, 2.14042, 25, 0, 0, 1900000, 338700, 0, 0),
(106008, 99112, 0, 1, 0, 0, 0, -8309.57, 542.618, 100.649, 2.06189, 25, 0, 0, 1900000, 338700, 0, 0);

/*
#######################################
#                                    CREATURE_ADDON
#######################################
*/

REPLACE INTO `creature_addon` 
(`guid`, `path_id`,`mount`,`bytes1`,`bytes2`,`emote`,`auras`) 
VALUES 

(106007, 0, 16843008, 0, 10, 0, "");

/*
#######################################
MERCI DE NE PAS MODIFIER LE COPYRIGHT EN DEBUT DE REQUETTE - © 2008 Groupe-ParamYsticK -  */